CIUFS,Data,Campanha,localidade,Bioma,Nº,CT,CP,PT,Sexo,Estádio,PG,IGS,GRE,PE,PF,Fixado,
1757,1/19/2015,Jan-15,UHE Xingó,Caatinga,1,33.49,25.91,0.38,M,4,0.002,0.526,F3,0.016,0.002,G,
1757,1/19/2015,Jan-15,UHE Xingó,Caatinga,2,36.79,28.82,0.53,M,3,0.015,2.830,F3,0.029,0.003,G,
1757,1/19/2015,Jan-15,UHE Xingó,Caatinga,3,31.79,24.69,0.3,M,2,0.002,0.667,D1,0.008,0.002,G,
1757,1/19/2015,Jan-15,UHE Xingó,Caatinga,4,37.1,29.49,0.47,M,3,0.009,1.915,D2,0.008,0.006,G,
1757,1/19/2015,Jan-15,UHE Xingó,Caatinga,5,23.46,19.28,0.14,F,1,0.001,0.714,D1,0.006,0.003,G,
1757,1/19/2015,Jan-15,UHE Xingó,Caatinga,6,33.19,27.88,0.42,F,4,0.019,4.524,F2,0.018,0.005,G,
1757,1/19/2015,Jan-15,UHE Xingó,Caatinga,7,31.6,25.83,0.36,F,2,0.018,5.000,F3,0.014,0.004,G,
1757,1/19/2015,Jan-15,UHE Xingó,Caatinga,8,33.26,25.82,0.38,M,2,0.002,0.526,D1,0.007,0.003,G,
1757,1/19/2015,Jan-15,UHE Xingó,Caatinga,9,29.83,23.75,0.25,M,4,0.002,0.800,F3,0.009,0.003,,
1757,1/19/2015,Jan-15,UHE Xingó,Caatinga,10,32.45,25.12,0.32,F,5,0.001,0.313,F3,0.012,0.003,,
1757,1/19/2015,Jan-15,UHE Xingó,Caatinga,11,34.72,27.06,0.53,F,2,0.003,0.528,D3,0.018,0.005,G,
1757,1/19/2015,Jan-15,UHE Xingó,Caatinga,12,30.98,25.22,0.32,M,3,0.005,1.563,D1,0.009,0.003,G,
1757,1/19/2015,Jan-15,UHE Xingó,Caatinga,13,31.47,24.47,0.36,M,3,0.004,1.111,VZ,,0.008,G,
1757,1/19/2015,Jan-15,UHE Xingó,Caatinga,14,40.25,31.66,0.72,F,3,0.050,6.944,F3,0.042,0.010,FEC,
1757,1/19/2015,Jan-15,UHE Xingó,Caatinga,15,31.24,26.49,0.34,M,5,0.001,0.294,D1,0.005,0.002,,
1757,1/19/2015,Jan-15,UHE Xingó,Caatinga,16,34.69,27.05,0.44,F,4,0.018,4.091,F2,0.020,0.007,,
1757,1/19/2015,Jan-15,UHE Xingó,Caatinga,17,29.9,23.28,0.23,F,5,0.001,0.435,VZ,,0.002,,
1757,1/19/2015,Jan-15,UHE Xingó,Caatinga,18,34.86,26.49,0.44,F,3,0.051,11.591,F3,0.020,0.005,FEC,
1757,1/19/2015,Jan-15,UHE Xingó,Caatinga,19,36.99,28.33,0.6,F,3,0.028,4.667,VZ,,0.002,FEC,
1757,1/19/2015,Jan-15,UHE Xingó,Caatinga,20,35.4,28.07,0.49,M,4,0.004,0.816,VZ,,0.002,G,
1757,1/19/2015,Jan-15,UHE Xingó,Caatinga,21,19.63,16.18,0.08,M,1,0.001,1.250,VZ,,0.001,G,
1757,1/19/2015,Jan-15,UHE Xingó,Caatinga,22,33.03,27.90,0.47,M,3,0.005,1.064,VZ,,0.004,G,
1757,1/19/2015,Jan-15,UHE Xingó,Caatinga,23,30.37,24.24,0.26,M,4,0.002,0.769,F1,0.005,0.004,G,
1757,1/19/2015,Jan-15,UHE Xingó,Caatinga,24,35.4,28.57,0.55,M,3,0.005,0.909,F3,0.019,0.004,G,
1757,1/19/2015,Jan-15,UHE Xingó,Caatinga,25,22.62,17.91,0.12,M,3,0.001,0.833,F1,0.003,0.001,G,
1757,1/19/2015,Jan-15,UHE Xingó,Caatinga,26,22.14,16.49,0.14,I,1,0.001,0.714,VZ,,0.002,,
1757,1/19/2015,Jan-15,UHE Xingó,Caatinga,27,32.2,27.14,0.42,F,2,0.016,3.810,VZ,,0.003,G,
1757,1/19/2015,Jan-15,UHE Xingó,Caatinga,28,25.69,28.3,0.23,F,5,0.001,0.435,F2,0.007,0.004,G,
1757,1/19/2015,Jan-15,UHE Xingó,Caatinga,29,28.45,22.51,0.29,M,4,0.002,0.690,D1,0.004,0.003,G,
1757,1/19/2015,Jan-15,UHE Xingó,Caatinga,30,26.41,22.39,0.27,F,5,0.001,0.370,VZ,,0.004,G,
1757,1/19/2015,Jan-15,UHE Xingó,Caatinga,31,30.83,25.05,0.3,M,3,0.004,1.333,F1,0.007,0.004,G,
1757,1/19/2015,Jan-15,UHE Xingó,Caatinga,32,37.12,30.42,0.45,M,3,0.007,1.556,F2,0.013,0.003,G,
1757,1/19/2015,Jan-15,UHE Xingó,Caatinga,33,34.77,29.44,0.48,M,3,0.010,2.083,VZ,,0.004,G,
1757,1/19/2015,Jan-15,UHE Xingó,Caatinga,34,25.72,20.94,0.18,M,3,0.005,2.778,F2,0.012,0.002,G,
1757,1/19/2015,Jan-15,UHE Xingó,Caatinga,35,36.15,29.3,0.5,F,4,0.022,4.400,F2,0.019,0.007,G,
1757,1/19/2015,Jan-15,UHE Xingó,Caatinga,36,30.7,24.86,0.28,M,4,0.002,0.714,VZ,,0.002,G,
1757,1/19/2015,Jan-15,UHE Xingó,Caatinga,37,33.71,27.13,0.4,F,4,0.006,1.500,D1,0.006,0.004,G,
1757,1/19/2015,Jan-15,UHE Xingó,Caatinga,38,34.21,27.17,0.5,M,3,0.004,0.800,VZ,,0.007,G,
1757,1/19/2015,Jan-15,UHE Xingó,Caatinga,39,22.11,18.54,0.11,I,1,0.001,0.909,VZ,,0.002,,
1757,1/19/2015,Jan-15,UHE Xingó,Caatinga,40,28.83,23.66,0.28,M,5,0.001,0.357,F3,0.012,0.003,G,
1757,1/19/2015,Jan-15,UHE Xingó,Caatinga,41,34.09,33.95,0.4,M,3,0.006,1.500,D1,,0.005,G,
1757,1/19/2015,Jan-15,UHE Xingó,Caatinga,42,27.25,21.45,0.24,M,4,0.002,0.833,D1,0.009,0.002,G,
1757,1/19/2015,Jan-15,UHE Xingó,Caatinga,43,37.08,30.4,0.59,M,2,0.006,1.017,F1,0.018,0.005,G,
1757,1/19/2015,Jan-15,UHE Xingó,Caatinga,44,35.48,27.49,0.47,M,3,0.006,1.277,F2,0.012,0.004,G,
1757,1/19/2015,Jan-15,UHE Xingó,Caatinga,45,18.85,14.9,0.08,F,1,0.001,1.250,F1,0.003,0.001,G,
1757,1/19/2015,Jan-15,UHE Xingó,Caatinga,46,34.29,28.62,0.49,F,4,0.012,2.449,F3,0.019,0.002,G,
1757,1/19/2015,Jan-15,UHE Xingó,Caatinga,47,33.94,28.18,0.53,F,4,0.009,1.698,D1,0.005,0.003,,
1757,1/19/2015,Jan-15,UHE Xingó,Caatinga,48,29.53,24.63,0.33,M,3,0.004,1.212,D1,0.002,0.005,G,
1757,1/19/2015,Jan-15,UHE Xingó,Caatinga,49,,24.22,0.36,M,4,0.003,0.833,VZ,,0.002,G,
1757,1/19/2015,Jan-15,UHE Xingó,Caatinga,50,22.11,16.79,0.13,F,1,0.001,0.769,F1,0.002,0.003,,
1796,1/20/2015,Jan-15,Curralinho,Caatinga,1,33.07,24.49,0.39,F,3,0.027,6.923,F3,0.017,0.004,F,
1796,1/20/2015,Jan-15,Curralinho,Caatinga,2,35.87,29.62,0.52,F,3,0.040,7.692,F2,0.027,0.009,,
1796,1/20/2015,Jan-15,Curralinho,Caatinga,3,26.76,23.84,0.21,M,5,0.001,0.476,F1,0.006,0.002,,
1796,1/20/2015,Jan-15,Curralinho,Caatinga,4,25.14,20.6,0.17,M,5,0.001,0.588,F2,0.004,0.002,,
1796,1/20/2015,Jan-15,Curralinho,Caatinga,5,26.23,21.45,0.2,M,5,0.001,0.500,D1,0.004,0.001,,
1796,1/20/2015,Jan-15,Curralinho,Caatinga,6,23.68,19.72,0.11,M,1,0.001,0.909,F2,0.012,0.004,F,
1796,1/20/2015,Jan-15,Curralinho,Caatinga,7,25.64,21.23,0.17,M,3,0.004,2.353,D1,0.009,0.001,F,
1796,1/20/2015,Jan-15,Curralinho,Caatinga,8,29.47,23.62,0.21,F,5,0.002,0.952,F3,0.013,0.004,F,
1796,1/20/2015,Jan-15,Curralinho,Caatinga,9,37.75,30.66,0.6,F,3,0.052,8.667,F3,0.026,0.010,FEC,
1796,1/20/2015,Jan-15,Curralinho,Caatinga,10,23.9,20.21,0.13,F,1,0.001,0.769,D1,0.002,0.001,,
1796,1/20/2015,Jan-15,Curralinho,Caatinga,11,35.51,27.92,0.45,F,2,0.023,5.111,F2,0.014,0.006,F,
1796,1/20/2015,Jan-15,Curralinho,Caatinga,12,26.92,20.38,0.23,F,5,0.001,0.435,F2,0.007,0.001,F,
1796,1/20/2015,Jan-15,Curralinho,Caatinga,13,36.02,29.57,0.43,F,2,0.020,4.651,F3,0.017,0.010,F,
1796,1/20/2015,Jan-15,Curralinho,Caatinga,14,35.2,27.33,0.4,F,3,0.037,9.250,VZ,,0.006,,
1796,1/20/2015,Jan-15,Curralinho,Caatinga,15,31.1,24.68,0.28,F,4,0.007,2.500,F1,0.001,0.004,F,
1796,1/20/2015,Jan-15,Curralinho,Caatinga,16,33.08,27.33,0.4,F,3,0.025,6.250,D2,0.021,0.004,,
1796,1/20/2015,Jan-15,Curralinho,Caatinga,17,37.92,29.21,0.44,F,2,0.035,7.955,VZ,,0.008,F,
1796,1/20/2015,Jan-15,Curralinho,Caatinga,18,37.07,30.17,0.53,F,2,0.036,6.792,F3,0.013,0.009,F,
1796,1/20/2015,Jan-15,Curralinho,Caatinga,19,28.65,22.4,0.2,F,5,0.001,0.500,VZ,,0.006,F,
1796,1/20/2015,Jan-15,Curralinho,Caatinga,20,30.05,23.59,0.21,F,5,0.002,0.952,F2,0.012,0.003,F,
1796,1/20/2015,Jan-15,Curralinho,Caatinga,21,33.17,28.38,0.34,F,5,0.005,1.471,VZ,,0.008,F,
1796,1/20/2015,Jan-15,Curralinho,Caatinga,22,35.82,28.02,0.43,F,2,0.023,5.349,F2,0.016,0.004,F,
1796,1/20/2015,Jan-15,Curralinho,Caatinga,23,32.31,26.18,0.35,F,3,0.031,8.857,F3,0.010,0.004,,
1796,1/20/2015,Jan-15,Curralinho,Caatinga,24,29.55,23.03,0.22,F,5,0.001,0.455,F3,0.006,0.002,F,
1796,1/20/2015,Jan-15,Curralinho,Caatinga,25,33.93,27.18,0.34,M,3,0.003,0.882,F3,0.012,0.030,,
1796,1/20/2015,Jan-15,Curralinho,Caatinga,26,31.55,24.46,0.27,F,4,0.016,5.926,VZ,,0.007,F,
1796,1/20/2015,Jan-15,Curralinho,Caatinga,27,38.42,30.86,0.61,F,2,0.034,5.574,F3,0.022,0.014,F,
1796,1/20/2015,Jan-15,Curralinho,Caatinga,28,31.29,24.46,0.26,F,2,0.013,5.000,F2,0.017,0.006,F,
1796,1/20/2015,Jan-15,Curralinho,Caatinga,29,31.08,25.65,0.3,F,2,0.018,6.000,F3,0.010,0.011,F,
1796,1/20/2015,Jan-15,Curralinho,Caatinga,30,34.04,26.89,0.33,F,4,0.021,6.364,F2,0.016,0.005,F,
1796,1/20/2015,Jan-15,Curralinho,Caatinga,31,23.29,17.89,0.11,M,1,0.001,0.909,F3,0.003,0.002,,
1796,1/20/2015,Jan-15,Curralinho,Caatinga,32,25.05,19.17,0.13,F,1,0.001,0.769,D2,0.012,0.003,,
1796,1/20/2015,Jan-15,Curralinho,Caatinga,33,29.89,23.28,0.21,F,5,0.009,4.286,F3,0.011,0.004,,
1796,1/20/2015,Jan-15,Curralinho,Caatinga,34,22.44,16.44,0.09,F,1,0.001,1.111,F2,0.003,0.002,,
1796,1/20/2015,Jan-15,Curralinho,Caatinga,35,29.06,24.84,0.24,F,5,0.001,0.417,VZ,,0.007,,
1796,1/20/2015,Jan-15,Curralinho,Caatinga,36,32.15,24.95,0.3,F,4,0.020,6.667,F3,0.020,0.005,F,
1796,1/20/2015,Jan-15,Curralinho,Caatinga,37,22.16,17.1,0.08,I,1,0.001,1.250,F3,0.002,,,
1796,1/20/2015,Jan-15,Curralinho,Caatinga,38,34.79,27.57,0.48,F,4,0.017,3.542,F3,0.006,0.010,F,
1796,1/20/2015,Jan-15,Curralinho,Caatinga,39,32.41,26.15,0.36,F,4,0.015,4.167,F3,0.030,0.009,F,
1796,1/20/2015,Jan-15,Curralinho,Caatinga,40,19.82,17.04,0.07,F,1,0.001,1.429,F1,0.002,0.002,F,
1796,1/20/2015,Jan-15,Curralinho,Caatinga,41,31.15,25.41,0.27,M,3,0.003,1.111,F3,0.010,0.007,F,
1796,1/20/2015,Jan-15,Curralinho,Caatinga,42,24.58,18.92,0.13,F,1,0.001,0.769,F2,0.004,0.002,,
1796,1/20/2015,Jan-15,Curralinho,Caatinga,43,34.69,28.06,0.44,F,4,0.016,3.636,F3,0.017,0.011,,
1796,1/20/2015,Jan-15,Curralinho,Caatinga,44,27.15,22.17,0.18,F,5,0.006,3.333,F3,0.007,0.002,,
1796,1/20/2015,Jan-15,Curralinho,Caatinga,45,33.82,26.81,0.34,F,4,0.020,5.882,F3,0.010,0.009,,
1796,1/20/2015,Jan-15,Curralinho,Caatinga,46,24.31,20.93,0.11,I,1,0.001,0.909,F2,0.003,0.001,,
1796,1/20/2015,Jan-15,Curralinho,Caatinga,47,31.88,24.7,0.32,F,3,0.029,9.063,F2,0.004,0.004,FEC,
1796,1/20/2015,Jan-15,Curralinho,Caatinga,48,28.95,22.93,0.19,M,5,0.001,0.526,F2,0.004,0.002,,
1796,1/20/2015,Jan-15,Curralinho,Caatinga,49,35.78,27.95,0.43,F,4,0.012,2.791,F2,0.016,0.005,,
1796,1/20/2015,Jan-15,Curralinho,Caatinga,50,30.72,25.12,0.39,M,4,0.002,0.513,F2,0.009,0.005,,
1807,1/20/2015,Jan-15,"Porto da Folha, Niterói",Caatinga,1,33.24,27.21,0.46,F,3,0.040,8.696,F3,0.011,0.008,F,
1807,1/20/2015,Jan-15,"Porto da Folha, Niterói",Caatinga,2,39.36,33,0.67,F,2,0.034,5.075,F1,0.011,0.016,F,
1807,1/20/2015,Jan-15,"Porto da Folha, Niterói",Caatinga,3,35.03,29.22,0.49,M,3,0.008,1.633,VZ,0.008,0.010,F,
1807,1/20/2015,Jan-15,"Porto da Folha, Niterói",Caatinga,4,24.2,19.99,0.16,I,1,0.001,0.625,F2,0.007,0.002,,
1807,1/20/2015,Jan-15,"Porto da Folha, Niterói",Caatinga,5,27.76,22.59,0.22,F,5,0.005,2.273,F2,0.011,0.002,,
1807,1/20/2015,Jan-15,"Porto da Folha, Niterói",Caatinga,6,33.74,27.15,0.49,M,3,0.009,1.837,F1,0.008,0.007,F,lamina ruim
1807,1/20/2015,Jan-15,"Porto da Folha, Niterói",Caatinga,7,36.09,29.72,0.64,F,2,0.016,2.500,F3,0.008,0.003,F,
1807,1/20/2015,Jan-15,"Porto da Folha, Niterói",Caatinga,8,20.06,16.55,0.1,I,1,0.001,1.000,F3,0.004,0.002,,
1807,1/20/2015,Jan-15,"Porto da Folha, Niterói",Caatinga,9,34.26,27.25,0.44,F,4,0.011,2.500,F1,0.007,0.006,F,
1807,1/20/2015,Jan-15,"Porto da Folha, Niterói",Caatinga,10,35.48,29.27,0.57,M,3,0.007,1.228,F3,0.014,0.005,F,
1807,1/20/2015,Jan-15,"Porto da Folha, Niterói",Caatinga,11,38.19,29.14,0.69,F,3,0.030,4.348,F3,0.020,0.006,F,
1807,1/20/2015,Jan-15,"Porto da Folha, Niterói",Caatinga,12,29.2,24.5,0.28,M,2,0.002,0.714,D1,0.006,0.004,F,
1807,1/20/2015,Jan-15,"Porto da Folha, Niterói",Caatinga,13,23.11,18.16,0.12,I,1,0.001,0.833,F2,0.008,,F,
1807,1/20/2015,Jan-15,"Porto da Folha, Niterói",Caatinga,14,32.15,26.06,0.33,M,3,0.004,1.212,VZ,,0.002,F,
1807,1/20/2015,Jan-15,"Porto da Folha, Niterói",Caatinga,15,28.25,22.95,0.23,M,5,0.001,0.435,F3,0.010,0.001,,
1807,1/20/2015,Jan-15,"Porto da Folha, Niterói",Caatinga,16,33.52,27.31,0.45,F,3,0.025,5.556,VZ,,0.011,F,
1807,1/20/2015,Jan-15,"Porto da Folha, Niterói",Caatinga,17,38.78,32.29,0.56,F,5,0.020,3.571,F3,0.017,0.040,,
1807,1/20/2015,Jan-15,"Porto da Folha, Niterói",Caatinga,18,31.66,26.17,0.33,M,3,0.010,3.030,F3,0.017,0.003,F,
1807,1/20/2015,Jan-15,"Porto da Folha, Niterói",Caatinga,19,34.43,27.8,0.44,F,3,0.026,5.909,VZ,,0.018,F,
1807,1/20/2015,Jan-15,"Porto da Folha, Niterói",Caatinga,20,36.58,28.89,0.46,F,5,0.010,2.174,F2,0.017,0.015,F,
1807,1/20/2015,Jan-15,"Porto da Folha, Niterói",Caatinga,21,32.76,28.06,0.48,M,3,0.003,0.625,VZ,,0.012,F,
1807,1/20/2015,Jan-15,"Porto da Folha, Niterói",Caatinga,22,31.72,25.59,0.37,M,3,0.012,3.243,F1,0.005,0.004,F,
1807,1/20/2015,Jan-15,"Porto da Folha, Niterói",Caatinga,23,38.24,29.98,0.64,M,3,0.007,1.094,D1,0.009,0.006,F,
1807,1/20/2015,Jan-15,"Porto da Folha, Niterói",Caatinga,24,37.97,30.77,0.62,F,3,0.036,5.806,D1,0.012,0.016,F,
1807,1/20/2015,Jan-15,"Porto da Folha, Niterói",Caatinga,25,33.04,26.05,0.38,M,3,0.004,1.053,F2,0.006,0.014,F,
1807,1/20/2015,Jan-15,"Porto da Folha, Niterói",Caatinga,26,32.16,26.47,0.39,F,4,0.013,3.333,D1,0.009,0.009,F,
1807,1/20/2015,Jan-15,"Porto da Folha, Niterói",Caatinga,27,34.13,28.19,0.43,M,3,0.010,2.326,F2,0.009,0.007,F,
1807,1/20/2015,Jan-15,"Porto da Folha, Niterói",Caatinga,28,27.5,22.52,0.25,F,5,0.003,1.200,F1,0.007,0.001,F,
1807,1/20/2015,Jan-15,"Porto da Folha, Niterói",Caatinga,29,34.48,27.26,0.51,M,3,0.006,1.176,F3,0.012,0.006,F,
1807,1/20/2015,Jan-15,"Porto da Folha, Niterói",Caatinga,30,22.16,18.49,0.13,F,1,0.001,0.769,F2,0.006,0.004,,
1807,1/20/2015,Jan-15,"Porto da Folha, Niterói",Caatinga,31,36.01,29.11,0.59,M,3,0.006,1.017,VZ,,0.012,F/G,
1807,1/20/2015,Jan-15,"Porto da Folha, Niterói",Caatinga,32,30.73,27.22,0.4,F,4,0.018,4.500,F2,0.015,0.006,F/G,
1807,1/20/2015,Jan-15,"Porto da Folha, Niterói",Caatinga,33,35.53,29.24,0.56,M,3,0.007,1.250,VZ,,0.012,G,
1807,1/20/2015,Jan-15,"Porto da Folha, Niterói",Caatinga,34,34.71,29.43,0.54,F,3,0.030,5.556,F2,0.012,,F/G,
1807,1/20/2015,Jan-15,"Porto da Folha, Niterói",Caatinga,35,30.79,25.03,0.34,M,3,0.004,1.176,D1,0.006,0.003,G,
1807,1/20/2015,Jan-15,"Porto da Folha, Niterói",Caatinga,36,25.04,18.82,0.23,M,4,0.002,0.870,D1,0.060,0.001,,
1807,1/20/2015,Jan-15,"Porto da Folha, Niterói",Caatinga,37,24.88,20.81,0.19,M,4,0.002,1.053,F3,0.008,0.003,,
1807,1/20/2015,Jan-15,"Porto da Folha, Niterói",Caatinga,38,30.61,27.12,0.41,M,5,0.001,0.244,F3,0.024,,,
1807,1/20/2015,Jan-15,"Porto da Folha, Niterói",Caatinga,39,22.82,18.66,0.14,F,1,0.001,0.714,F2,0.002,0.002,,
1807,1/20/2015,Jan-15,"Porto da Folha, Niterói",Caatinga,40,22.8,18.8,0.14,I,1,0.001,0.714,F3,0.004,0.002,,
1807,1/20/2015,Jan-15,"Porto da Folha, Niterói",Caatinga,41,35.71,29,0.55,F,4,0.029,5.273,VZ,,0.004,G,
1807,1/20/2015,Jan-15,"Porto da Folha, Niterói",Caatinga,42,36.2,28.86,0.57,F,4,0.005,0.877,VZ,,0.008,G,
1807,1/20/2015,Jan-15,"Porto da Folha, Niterói",Caatinga,43,24.41,20.98,0.22,I,1,0.001,0.455,F3,0.012,0.006,E,
1807,1/20/2015,Jan-15,"Porto da Folha, Niterói",Caatinga,44,33.18,26.7,0.39,M,3,0.003,0.769,VZ,,0.011,G,
1807,1/20/2015,Jan-15,"Porto da Folha, Niterói",Caatinga,45,40.47,33.7,0.92,F,3,0.062,6.739,F1,0.006,0.003,F/E,
1807,1/20/2015,Jan-15,"Porto da Folha, Niterói",Caatinga,46,24.52,20.21,0.2,F,1,0.001,0.500,F3,0.007,0.003,E,
1807,1/20/2015,Jan-15,"Porto da Folha, Niterói",Caatinga,47,18.7,16.39,0.06,F,1,0.001,1.667,F3,0.005,0.001,E,
1807,1/20/2015,Jan-15,"Porto da Folha, Niterói",Caatinga,48,38.97,31.6,0.75,F,3,0.051,6.800,F2,0.011,0.002,F/E,
1807,1/20/2015,Jan-15,"Porto da Folha, Niterói",Caatinga,49,30.3,24.76,0.35,M,4,0.003,0.857,F2,0.003,0.010,G/E,
1807,1/20/2015,Jan-15,"Porto da Folha, Niterói",Caatinga,50,33.8,28.3,0.5,M,4,0.003,0.600,VZ,,0.002,G,
1824,1/20/2015,Jan-15,Ilha do ouro,Caatinga,1,36.15,28.46,0.48,F,3,0.041,8.542,F3,0.006,0.007,,
1824,1/20/2015,Jan-15,Ilha do ouro,Caatinga,2,34.52,29.75,0.43,M,3,0.004,0.930,F3,0.014,0.005,F,
1824,1/20/2015,Jan-15,Ilha do ouro,Caatinga,3,37.05,31.13,0.59,F,4,0.021,3.559,F2,0.012,0.021,F,
1824,1/20/2015,Jan-15,Ilha do ouro,Caatinga,4,33.79,27.2,0.44,F,2,0.024,5.455,F2,0.022,0.009,,
1824,1/20/2015,Jan-15,Ilha do ouro,Caatinga,5,32.07,26.44,0.4,F,4,0.009,2.250,F3,0.008,0.009,F,
1824,1/20/2015,Jan-15,Ilha do ouro,Caatinga,6,32.83,26.96,0.4,M,5,0.001,0.250,F3,0.014,0.004,,
1824,1/20/2015,Jan-15,Ilha do ouro,Caatinga,7,30.75,24.86,0.32,M,4,0.002,0.625,F3,0.006,0.001,,
1824,1/20/2015,Jan-15,Ilha do ouro,Caatinga,8,23.82,19.74,0.15,F,5,0.001,0.667,F1,0.003,0.001,,
1824,1/20/2015,Jan-15,Ilha do ouro,Caatinga,9,29.36,23.28,0.28,M,3,0.003,1.071,F3,0.003,0.003,F,
1824,1/20/2015,Jan-15,Ilha do ouro,Caatinga,10,36.79,29.82,0.59,F,2,0.023,3.898,F3,0.009,0.008,,
1824,1/20/2015,Jan-15,Ilha do ouro,Caatinga,11,40.37,31.51,0.83,F,3,0.078,9.398,F3,0.016,0.010,FEC,
1824,1/20/2015,Jan-15,Ilha do ouro,Caatinga,12,25.53,21.27,0.17,M,5,0.001,0.588,F2,0.005,0.001,F,
1824,1/20/2015,Jan-15,Ilha do ouro,Caatinga,13,29.74,24.55,0.31,M,4,0.002,0.645,D2,0.019,0.002,F,
1824,1/20/2015,Jan-15,Ilha do ouro,Caatinga,14,28.95,23.62,0.27,M,5,0.001,0.370,F3,0.008,0.002,,
1824,1/20/2015,Jan-15,Ilha do ouro,Caatinga,15,32.81,26.14,0.48,F,4,0.014,2.917,F3,0.010,0.007,,
1824,1/20/2015,Jan-15,Ilha do ouro,Caatinga,16,37.89,31.21,0.63,F,2,0.021,3.333,F3,0.011,0.005,G,
1824,1/20/2015,Jan-15,Ilha do ouro,Caatinga,17,27.28,22.85,0.22,M,4,0.002,0.909,VZ,,0.005,,
1824,1/20/2015,Jan-15,Ilha do ouro,Caatinga,18,33.85,27.25,0.42,M,5,0.003,0.714,F3,0.009,0.005,,
1824,1/20/2015,Jan-15,Ilha do ouro,Caatinga,19,32.56,27.27,0.43,M,4,0.003,0.698,F3,0.013,0.006,,
1824,1/20/2015,Jan-15,Ilha do ouro,Caatinga,20,33.38,28.02,0.48,M,2,0.003,0.625,F3,0.025,0.004,G,
1824,1/20/2015,Jan-15,Ilha do ouro,Caatinga,21,29.15,23.09,0.26,F,5,0.002,0.769,F3,0.016,0.002,F,
1824,1/20/2015,Jan-15,Ilha do ouro,Caatinga,22,20.61,16.53,0.09,M,1,0.001,1.111,F3,0.002,0.002,F,
1824,1/20/2015,Jan-15,Ilha do ouro,Caatinga,23,30.88,25.39,0.28,F,4,0.001,0.357,VZ,,0.003,F,
1824,1/20/2015,Jan-15,Ilha do ouro,Caatinga,24,37.03,29.86,0.56,F,2,0.036,6.429,D2,0.021,0.003,,
1824,1/20/2015,Jan-15,Ilha do ouro,Caatinga,25,28.62,23.82,0.26,F,5,0.001,0.385,F2,0.007,0.004,,
1824,1/20/2015,Jan-15,Ilha do ouro,Caatinga,26,28.02,22.89,0.24,M,4,0.001,0.417,F2,0.008,0.004,f,
1824,1/20/2015,Jan-15,Ilha do ouro,Caatinga,27,34.15,27.62,0.44,M,3,0.006,1.364,F3,0.015,0.009,,
1824,1/20/2015,Jan-15,Ilha do ouro,Caatinga,28,33.62,27.05,0.41,M,3,0.004,0.976,F3,0.005,0.002,G,
1824,1/20/2015,Jan-15,Ilha do ouro,Caatinga,29,20.72,17.11,0.1,M,1,0.001,1.000,F3,0.005,0.003,,
1824,1/20/2015,Jan-15,Ilha do ouro,Caatinga,30,33.69,27.13,0.48,M,5,0.001,0.208,F3,0.018,0.006,,
1824,1/20/2015,Jan-15,Ilha do ouro,Caatinga,31,36.6,29.77,0.59,M,3,0.007,1.186,D2,0.003,0.004,G,
1824,1/20/2015,Jan-15,Ilha do ouro,Caatinga,32,22.84,18.73,0.14,F,5,0.001,0.714,D1,0.002,0.003,G,
1824,1/20/2015,Jan-15,Ilha do ouro,Caatinga,33,30.87,25.03,0.35,M,3,0.005,1.429,F3,0.011,0.003,G,
1824,1/20/2015,Jan-15,Ilha do ouro,Caatinga,34,30.27,23.92,0.3,F,5,0.001,0.333,F3,0.012,0.006,G,
1824,1/20/2015,Jan-15,Ilha do ouro,Caatinga,35,34.91,27.83,0.47,M,3,0.012,2.553,F3,0.008,,F,
1824,1/20/2015,Jan-15,Ilha do ouro,Caatinga,36,33.15,26.69,0.48,F,3,0.040,8.333,F3,0.014,0.008,,
1824,1/20/2015,Jan-15,Ilha do ouro,Caatinga,37,31.84,26.44,0.36,M,5,0.001,0.278,F2,0.016,0.030,,
1824,1/20/2015,Jan-15,Ilha do ouro,Caatinga,38,33.25,26.78,0.43,F,3,0.037,8.605,D1,0.012,0.001,,
1824,1/20/2015,Jan-15,Ilha do ouro,Caatinga,39,31.07,25.31,0.32,F,4,0.002,0.625,F2,0.012,0.004,G,
1824,1/20/2015,Jan-15,Ilha do ouro,Caatinga,40,36.1,28.14,0.57,F,4,0.021,3.684,D1,0.006,0.004,G,
1824,1/20/2015,Jan-15,Ilha do ouro,Caatinga,41,33.82,26.97,0.44,F,4,0.004,0.909,D1,0.004,0.012,,
1824,1/20/2015,Jan-15,Ilha do ouro,Caatinga,42,30.86,24.78,0.34,F,5,0.003,0.882,D1,0.003,0.009,,
1824,1/20/2015,Jan-15,Ilha do ouro,Caatinga,43,32.11,25.27,0.31,M,5,0.001,0.323,D2,0.008,0.005,,
1824,1/20/2015,Jan-15,Ilha do ouro,Caatinga,44,28.79,24.1,0.28,M,5,0.001,0.357,F3,0.011,0.003,G,
1824,1/20/2015,Jan-15,Ilha do ouro,Caatinga,45,30.61,24.36,0.31,F,5,0.006,1.935,F3,0.008,0.003,,
1824,1/20/2015,Jan-15,Ilha do ouro,Caatinga,46,32.7,26.85,0.4,F,4,0.020,5.000,D2,,0.007,,
1824,1/20/2015,Jan-15,Ilha do ouro,Caatinga,47,23.83,18.97,0.15,F,1,0.001,0.667,F3,0.005,0.002,F,
1824,1/20/2015,Jan-15,Ilha do ouro,Caatinga,48,36.84,29.2,0.63,F,2,0.032,5.079,D2,0.024,0.004,,
1824,1/20/2015,Jan-15,Ilha do ouro,Caatinga,49,31.55,25.01,0.34,F,4,0.015,4.412,D1,0.110,0.010,,
1824,1/20/2015,Jan-15,Ilha do ouro,Caatinga,50,27.68,21.91,0.23,F,5,0.003,1.304,D1,,,F,
1986,4/13/2015,Apr-15,UHE Xingó,Caatinga,1,18.22,14.37,0.06,F,1,0.001,1.667,VZ,,0.001,,
1986,4/13/2015,Apr-15,UHE Xingó,Caatinga,2,19.4,15.25,0.06,M,1,0.001,1.667,VZ,,0.001,,
1986,4/13/2015,Apr-15,UHE Xingó,Caatinga,3,18.53,15.05,0.07,F,1,0.001,1.429,VZ,,0.001,,
1986,4/13/2015,Apr-15,UHE Xingó,Caatinga,4,16.88,13.95,0.04,F,1,0.001,2.500,VZ,,0.001,,
1986,4/13/2015,Apr-15,UHE Xingó,Caatinga,5,33.76,26.83,0.33,M,2,0.002,0.606,VZ,,0.002,,
1986,4/13/2015,Apr-15,UHE Xingó,Caatinga,6,28.99,22.52,0.22,M,2,0.001,0.455,F1,0.009,0.002,,
2008,4/14/2015,Apr-15,Curralinho,Caatinga,1,40.36,33.15,0.84,F,3,0.054,6.429,F3,0.030,0.019,fec,
2008,4/14/2015,Apr-15,Curralinho,Caatinga,2,35.67,28.53,0.48,M,3,0.004,0.833,D2,0.006,0.002,,
2008,4/14/2015,Apr-15,Curralinho,Caatinga,3,26.07,19.89,0.18,F,5,0.001,0.556,F2,0.005,0.001,,
2008,4/14/2015,Apr-15,Curralinho,Caatinga,4,32.79,25.84,0.36,M,3,0.004,1.111,VZ,,0.003,F,
2008,4/14/2015,Apr-15,Curralinho,Caatinga,5,34.23,27.17,0.5,F,4,0.026,5.200,F1,0.014,0.006,F,
2008,4/14/2015,Apr-15,Curralinho,Caatinga,6,32.11,26.53,0.37,F,4,0.021,5.676,D2,0.013,0.009,F,
2008,4/14/2015,Apr-15,Curralinho,Caatinga,7,34.85,27.93,0.47,M,3,0.008,1.702,F2,0.014,0.005,F,
2008,4/14/2015,Apr-15,Curralinho,Caatinga,8,30.99,24.99,0.3,F,4,0.017,5.667,F3,0.021,0.006,F,
2008,4/14/2015,Apr-15,Curralinho,Caatinga,9,33.17,25.68,0.31,M,3,0.006,1.935,F3,0.010,0.007,F,
2008,4/14/2015,Apr-15,Curralinho,Caatinga,10,22.98,19.28,0.1,F,5,0.003,3.000,F3,0.003,0.001,F,
2008,4/14/2015,Apr-15,Curralinho,Caatinga,11,35.78,30.04,0.52,M,3,0.012,2.308,F2,0.008,0.004,,
2008,4/14/2015,Apr-15,Curralinho,Caatinga,12,28.63,23.47,0.23,F,5,0.002,0.870,F3,0.014,0.004,F,
2008,4/14/2015,Apr-15,Curralinho,Caatinga,13,28.25,22.85,0.24,M,5,0.001,0.417,F2,0.007,0.003,F,
2008,4/14/2015,Apr-15,Curralinho,Caatinga,14,37.48,28.96,0.55,M,3,0.005,0.909,F3,0.028,0.003,F,
2008,4/14/2015,Apr-15,Curralinho,Caatinga,15,22.95,17.72,0.11,M,1,0.001,0.909,F2,0.002,0.001,F,
2008,4/14/2015,Apr-15,Curralinho,Caatinga,16,36.94,29.3,0.54,F,4,0.023,4.259,F3,0.009,0.001,F,
2008,4/14/2015,Apr-15,Curralinho,Caatinga,17,28.87,24.02,0.22,M,4,0.004,1.818,D3,0.006,0.005,F,
2008,4/14/2015,Apr-15,Curralinho,Caatinga,18,34.45,28.58,0.41,F,4,0.017,4.146,F3,0.010,0.007,,
2008,4/14/2015,Apr-15,Curralinho,Caatinga,19,34.3,27.73,0.37,M,3,0.008,2.162,F2,0.010,0.009,F,
2008,4/14/2015,Apr-15,Curralinho,Caatinga,20,28.3,22.83,0.21,M,3,0.005,2.381,F2,0.007,0.004,,
2008,4/14/2015,Apr-15,Curralinho,Caatinga,21,30.07,24.91,0.25,F,4,0.009,3.600,F2,0.007,0.006,,
2008,4/14/2015,Apr-15,Curralinho,Caatinga,22,24.39,19.43,0.13,I,1,0.001,0.769,F3,0.004,0.005,F,
2008,4/14/2015,Apr-15,Curralinho,Caatinga,23,36.34,30.17,0.57,F,4,0.012,2.105,F3,0.032,0.002,F,
2008,4/14/2015,Apr-15,Curralinho,Caatinga,24,36.4,28.63,0.43,F,4,0.014,3.256,F1,0.003,0.005,F,
2008,4/14/2015,Apr-15,Curralinho,Caatinga,25,30.59,26.35,0.31,M,3,0.004,1.290,F2,0.012,0.003,F,
2008,4/14/2015,Apr-15,Curralinho,Caatinga,26,24.45,20.48,0.12,M,2,0.001,0.833,F2,0.005,0.001,F,
2008,4/14/2015,Apr-15,Curralinho,Caatinga,27,28.6,22.77,0.18,F,4,0.004,2.222,F2,0.005,0.005,F,
2008,4/14/2015,Apr-15,Curralinho,Caatinga,28,37.43,31.91,0.47,F,4,0.020,4.255,F3,0.020,0.012,F,
2008,4/14/2015,Apr-15,Curralinho,Caatinga,29,30.35,25.29,0.25,F,3,0.020,8.000,F3,0.010,0.002,FEC,
2008,4/14/2015,Apr-15,Curralinho,Caatinga,30,32.03,26.33,0.34,F,5,0.006,1.765,F3,0.007,0.003,F,
2008,4/14/2015,Apr-15,Curralinho,Caatinga,31,34.52,28.74,0.44,M,3,0.008,1.818,VZ,,0.002,F,
2008,4/14/2015,Apr-15,Curralinho,Caatinga,32,26.63,21.46,0.2,F,5,0.005,2.500,F2,0.007,0.004,,
2008,4/14/2015,Apr-15,Curralinho,Caatinga,33,36.04,28.87,0.55,M,3,0.005,0.909,F2,0.005,0.003,F,
2008,4/14/2015,Apr-15,Curralinho,Caatinga,34,29.51,24.15,0.29,F,4,0.003,1.034,F3,0.006,0.001,F,
2008,4/14/2015,Apr-15,Curralinho,Caatinga,35,32.66,26.71,0.32,F,4,0.004,1.250,F2,0.006,0.003,F,
2008,4/14/2015,Apr-15,Curralinho,Caatinga,36,36.04,30.81,0.62,F,3,0.053,8.548,F3,0.022,0.020,F,
2008,4/14/2015,Apr-15,Curralinho,Caatinga,37,27.01,21.34,0.17,F,5,0.001,0.588,F3,0.006,0.001,F,
2008,4/14/2015,Apr-15,Curralinho,Caatinga,38,37.59,30.79,0.54,F,3,0.009,1.667,F3,0.025,0.014,FEC,
2008,4/14/2015,Apr-15,Curralinho,Caatinga,39,31.88,25.35,0.3,F,2,0.013,4.333,F3,0.009,0.007,,
2008,4/14/2015,Apr-15,Curralinho,Caatinga,40,29.54,24.76,0.29,F,4,0.008,2.759,F2,0.007,0.007,F,
2008,4/14/2015,Apr-15,Curralinho,Caatinga,41,30.34,24.82,0.28,F,4,0.012,4.286,F3,0.011,0.004,,
2008,4/14/2015,Apr-15,Curralinho,Caatinga,42,24.66,18.76,0.15,F,1,0.001,0.667,F3,0.007,0.002,,
2008,4/14/2015,Apr-15,Curralinho,Caatinga,43,31.5,25.87,0.27,M,4,0.002,0.741,F2,0.007,0.006,F,
2008,4/14/2015,Apr-15,Curralinho,Caatinga,44,35.63,29.13,0.43,F,4,0.009,2.093,F3,0.006,0.005,F,
2008,4/14/2015,Apr-15,Curralinho,Caatinga,45,34.62,28.13,0.44,F,4,0.003,0.682,F1,0.002,0.006,F,
2008,4/14/2015,Apr-15,Curralinho,Caatinga,46,29,23.95,0.24,F,5,0.001,0.417,F2,0.007,0.008,F,
2008,4/14/2015,Apr-15,Curralinho,Caatinga,47,30.95,25.02,0.29,F,4,0.011,3.793,F2,0.009,0.012,F,
2008,4/14/2015,Apr-15,Curralinho,Caatinga,48,26.82,22.8,0.19,M,3,0.002,1.053,F3,0.014,0.004,F,
2008,4/14/2015,Apr-15,Curralinho,Caatinga,49,33.33,27.16,0.4,M,3,0.005,1.250,F2,0.015,0.012,F,
2008,4/14/2015,Apr-15,Curralinho,Caatinga,50,29.71,23.28,0.26,M,3,0.006,2.308,F2,0.005,0.004,,
2014,4/14/2015,Apr-15,Niterói,Caatinga,1,33.6,25.55,0.41,M,3,0.006,1.463,F3,0.012,,,
2014,4/14/2015,Apr-15,Niterói,Caatinga,2,29.05,22.05,0.25,F,5,0.001,0.400,F3,0.007,0.004,F,
2014,4/14/2015,Apr-15,Niterói,Caatinga,3,28.07,21.86,0.21,F,5,0.001,0.476,F2,0.005,0.002,,
2014,4/14/2015,Apr-15,Niterói,Caatinga,4,27.3,21.36,0.19,F,5,0.001,0.526,F3,0.012,0.001,F,
2014,4/14/2015,Apr-15,Niterói,Caatinga,5,33.09,26.23,0.33,M,3,0.004,1.212,D2,,,F,
2014,4/14/2015,Apr-15,Niterói,Caatinga,6,33.6,25.91,0.4,F,2,0.022,5.500,F2,0.013,0.004,F,
2014,4/14/2015,Apr-15,Niterói,Caatinga,7,37.85,31.07,0.62,M,3,0.006,0.968,F2,0.005,0.003,F,
2014,4/14/2015,Apr-15,Niterói,Caatinga,8,29.87,24.62,0.27,M,5,0.001,0.370,F2,0.003,0.006,,
2014,4/14/2015,Apr-15,Niterói,Caatinga,9,32.95,25.92,0.35,F,4,0.005,1.429,F2,0.002,0.002,F,
2014,4/14/2015,Apr-15,Niterói,Caatinga,10,33.42,25.84,0.38,M,3,0.003,0.789,F3,0.017,0.002,F,
2014,4/14/2015,Apr-15,Niterói,Caatinga,11,33.46,26.91,0.43,F,4,0.013,3.023,F3,0.021,0.004,F,
2014,4/14/2015,Apr-15,Niterói,Caatinga,12,34.48,28.34,0.54,M,2,0.005,0.926,F3,0.012,0.007,F,
2014,4/14/2015,Apr-15,Niterói,Caatinga,13,38.03,30.95,0.58,F,3,0.049,8.448,F3,0.022,0.005,FEC,
2014,4/14/2015,Apr-15,Niterói,Caatinga,14,26.24,25.71,0.16,M,5,0.001,0.625,F2,0.008,0.003,,
2014,4/14/2015,Apr-15,Niterói,Caatinga,15,26.48,21.15,0.15,F,5,0.001,0.667,F2,0.006,0.002,,
2014,4/14/2015,Apr-15,Niterói,Caatinga,16,31.03,26.35,0.32,F,2,0.018,5.625,F2,0.008,0.003,F,
2014,4/14/2015,Apr-15,Niterói,Caatinga,17,35.05,27.9,0.38,M,3,0.004,1.053,F2,0.007,0.004,,
2014,4/14/2015,Apr-15,Niterói,Caatinga,18,30.38,24.29,0.27,M,3,0.003,1.111,D1,0.003,0.006,,
2014,4/14/2015,Apr-15,Niterói,Caatinga,19,33.16,26.71,0.36,M,2,0.002,0.556,F1,0.005,0.004,F,
2014,4/14/2015,Apr-15,Niterói,Caatinga,20,34.32,26.64,0.32,M,3,0.004,1.250,F2,0.009,0.005,F,
2014,4/14/2015,Apr-15,Niterói,Caatinga,21,40.17,32.22,0.7,F,4,0.030,4.286,F3,0.023,0.001,F,
2014,4/14/2015,Apr-15,Niterói,Caatinga,22,28.38,22.89,0.18,F,5,0.001,0.556,F2,0.006,0.005,F,
2014,4/14/2015,Apr-15,Niterói,Caatinga,23,25.53,20.06,0.11,F,5,0.001,0.909,F2,0.007,0.001,F,
2014,4/14/2015,Apr-15,Niterói,Caatinga,24,29.98,23.55,0.27,M,4,0.002,0.741,F2,0.009,0.007,F,
2014,4/14/2015,Apr-15,Niterói,Caatinga,25,34.51,29.65,0.48,F,3,0.039,8.125,F2,0.021,0.004,FEC,
2014,4/14/2015,Apr-15,Niterói,Caatinga,26,29.21,24.29,0.23,M,2,0.001,0.435,F2,0.006,0.003,F,
2014,4/14/2015,Apr-15,Niterói,Caatinga,27,30.55,25.3,0.28,M,4,0.001,0.357,F3,0.012,0.002,F,
2014,4/14/2015,Apr-15,Niterói,Caatinga,28,31.01,24.73,0.27,M,4,0.002,0.741,F2,0.013,0.004,F,
2014,4/14/2015,Apr-15,Niterói,Caatinga,29,32.52,26.16,0.34,F,3,0.037,10.882,D2,0.019,0.004,FEC,
2014,4/14/2015,Apr-15,Niterói,Caatinga,30,35.06,28.96,0.51,F,3,0.036,7.059,D3,0.011,0.006,FEC,
2014,4/14/2015,Apr-15,Niterói,Caatinga,31,38.72,31.1,0.6,F,2,0.023,3.833,F3,0.023,0.003,F,
2014,4/14/2015,Apr-15,Niterói,Caatinga,32,29.44,24.14,0.24,F,4,0.004,1.667,F2,0.006,0.003,,
2014,4/14/2015,Apr-15,Niterói,Caatinga,33,32.44,26.3,0.36,M,3,0.008,2.222,VZ,,0.005,,
2014,4/14/2015,Apr-15,Niterói,Caatinga,34,23.61,19.64,0.14,M,1,0.001,0.714,F2,0.009,0.003,F,
2014,4/14/2015,Apr-15,Niterói,Caatinga,35,30.71,24.29,0.27,M,3,0.003,1.111,F2,0.005,0.002,F,
2014,4/14/2015,Apr-15,Niterói,Caatinga,36,35.36,30.01,0.63,F,2,0.018,2.857,F1,0.005,0.006,F,
2014,4/14/2015,Apr-15,Niterói,Caatinga,37,36.9,29.76,0.51,F,4,0.008,1.569,F3,0.007,0.002,F,
2014,4/14/2015,Apr-15,Niterói,Caatinga,38,24.74,19.8,0.15,M,4,0.002,1.333,F3,0.010,0.003,F,
2014,4/14/2015,Apr-15,Niterói,Caatinga,39,35.37,27.88,0.45,F,3,0.039,8.667,F2,0.012,0.008,FEC,
2014,4/14/2015,Apr-15,Niterói,Caatinga,40,30.24,24.19,0.32,M,4,0.002,0.625,F1,0.009,0.002,F,
2014,4/14/2015,Apr-15,Niterói,Caatinga,41,21.18,16.27,0.07,I,1,0.001,1.429,F3,0.005,0.001,,
2014,4/14/2015,Apr-15,Niterói,Caatinga,42,29.4,22.68,0.24,M,2,0.001,0.417,D2,0.005,0.003,F,
2014,4/14/2015,Apr-15,Niterói,Caatinga,43,29.51,23.97,0.24,F,5,0.001,0.417,F2,0.007,0.003,F,
2014,4/14/2015,Apr-15,Niterói,Caatinga,44,32.72,30.34,0.5,M,3,0.007,1.400,VZ,,0.006,,
2014,4/14/2015,Apr-15,Niterói,Caatinga,45,19.21,15.21,0.06,F,1,0.001,1.667,VZ,,0.002,F,
2014,4/14/2015,Apr-15,Niterói,Caatinga,46,26.73,22.56,0.19,F,5,0.001,0.526,VZ,,0.002,F,
2014,4/14/2015,Apr-15,Niterói,Caatinga,47,32.98,25.96,0.36,F,5,0.004,1.111,F3,0.011,0.007,F,
2014,4/14/2015,Apr-15,Niterói,Caatinga,48,33.13,28.02,0.45,F,4,0.019,4.222,VZ,,0.009,F,
2014,4/14/2015,Apr-15,Niterói,Caatinga,49,30.79,25.42,0.42,F,2,0.025,5.952,VZ,,0.014,F,
2014,4/14/2015,Apr-15,Niterói,Caatinga,50,29.5,25.78,0.31,F,5,0.009,2.903,F2,0.004,0.005,F,
2042,4/14/2015,Apr-15,"Porto da folha, Ilha do ouro",Caatinga,1,34.31,27.77,0.53,M,3,0.006,1.132,F3,0.021,0.005,F,
2042,4/14/2015,Apr-15,"Porto da folha, Ilha do ouro",Caatinga,2,34.72,29.7,0.51,M,3,0.005,0.980,F3,0.016,0.005,F,
2042,4/14/2015,Apr-15,"Porto da folha, Ilha do ouro",Caatinga,3,30.47,25.53,0.34,F,5,0.001,0.294,F2,0.006,0.003,,
2042,4/14/2015,Apr-15,"Porto da folha, Ilha do ouro",Caatinga,4,35.01,29.21,0.6,M,3,0.004,0.667,F2,0.019,0.008,F,
2042,4/14/2015,Apr-15,"Porto da folha, Ilha do ouro",Caatinga,5,36.51,30.31,0.62,F,4,0.009,1.452,F3,0.020,0.009,F,
2042,4/14/2015,Apr-15,"Porto da folha, Ilha do ouro",Caatinga,6,33.26,26.7,0.48,M,2,0.003,0.625,F3,0.014,0.005,,
2042,4/14/2015,Apr-15,"Porto da folha, Ilha do ouro",Caatinga,7,35.6,29.26,0.6,M,3,0.004,0.667,F3,0.013,0.003,F,
2042,4/14/2015,Apr-15,"Porto da folha, Ilha do ouro",Caatinga,8,29.41,24.21,0.31,F,5,0.004,1.290,F2,0.013,0.007,F,
2042,4/14/2015,Apr-15,"Porto da folha, Ilha do ouro",Caatinga,9,27.04,22.15,0.25,F,5,0.003,1.200,F3,0.008,0.001,,
2042,4/14/2015,Apr-15,"Porto da folha, Ilha do ouro",Caatinga,10,32.12,26.21,0.41,F,5,0.005,1.220,F2,0.021,0.009,F,
2042,4/14/2015,Apr-15,"Porto da folha, Ilha do ouro",Caatinga,11,33.95,28.46,0.47,M,3,0.004,0.851,F3,0.019,0.008,F,
2042,4/14/2015,Apr-15,"Porto da folha, Ilha do ouro",Caatinga,12,28.34,22.34,0.23,F,5,0.003,1.304,F2,0.008,0.001,,
2042,4/14/2015,Apr-15,"Porto da folha, Ilha do ouro",Caatinga,13,31.39,26.27,0.32,M,4,0.003,0.938,F1,0.015,0.010,,
2042,4/14/2015,Apr-15,"Porto da folha, Ilha do ouro",Caatinga,14,38.35,31.03,0.67,M,3,0.009,1.343,F3,0.022,0.008,F,
2042,4/14/2015,Apr-15,"Porto da folha, Ilha do ouro",Caatinga,15,34.12,26.63,0.41,F,2,0.014,3.415,F3,0.019,0.012,F,
2042,4/14/2015,Apr-15,"Porto da folha, Ilha do ouro",Caatinga,16,32.75,26.19,0.38,M,3,0.004,1.053,F3,0.012,0.004,F,
2042,4/14/2015,Apr-15,"Porto da folha, Ilha do ouro",Caatinga,17,32.41,26.32,0.41,M,3,0.006,1.463,F2,0.014,0.007,F,
2042,4/14/2015,Apr-15,"Porto da folha, Ilha do ouro",Caatinga,18,33.03,27.28,0.35,M,3,0.004,1.143,F1,0.011,0.006,F,
2042,4/14/2015,Apr-15,"Porto da folha, Ilha do ouro",Caatinga,19,30.71,24.77,0.32,F,5,0.003,0.938,F2,0.016,0.011,,
2042,4/14/2015,Apr-15,"Porto da folha, Ilha do ouro",Caatinga,20,31.43,25.52,0.4,M,3,0.003,0.750,F2,0.005,0.004,,
2042,4/14/2015,Apr-15,"Porto da folha, Ilha do ouro",Caatinga,21,35.27,28.8,0.56,M,3,0.008,1.429,F3,0.014,0.007,,
2042,4/14/2015,Apr-15,"Porto da folha, Ilha do ouro",Caatinga,22,38.08,31.03,0.64,F,3,0.038,5.938,F3,0.018,0.013,F,
2042,4/14/2015,Apr-15,"Porto da folha, Ilha do ouro",Caatinga,23,15.61,13.06,0.04,I,1,0.001,2.500,0,0.001,0.002,,
2042,4/14/2015,Apr-15,"Porto da folha, Ilha do ouro",Caatinga,24,34.84,28.59,0.53,M,3,0.008,1.509,F2,0.014,0.008,F,
2042,4/14/2015,Apr-15,"Porto da folha, Ilha do ouro",Caatinga,25,36.41,29.38,0.56,F,2,0.010,1.786,F2,0.013,0.003,F,
2042,4/14/2015,Apr-15,"Porto da folha, Ilha do ouro",Caatinga,26,34.97,28.74,0.56,F,4,0.005,0.893,F2,0.022,0.008,F,
2042,4/14/2015,Apr-15,"Porto da folha, Ilha do ouro",Caatinga,27,26.75,22,0.21,M,1,0.001,0.476,0,0.004,0.005,,
2042,4/14/2015,Apr-15,"Porto da folha, Ilha do ouro",Caatinga,28,30.61,25.3,0.33,M,5,0.002,0.606,F2,0.010,0.007,,
2042,4/14/2015,Apr-15,"Porto da folha, Ilha do ouro",Caatinga,29,22.03,17.88,0.12,I,1,0.001,0.833,0,0.002,0.002,,
2042,4/14/2015,Apr-15,"Porto da folha, Ilha do ouro",Caatinga,30,24.82,20.49,0.17,I,1,0.001,0.588,F1,0.007,0.003,,
2042,4/14/2015,Apr-15,"Porto da folha, Ilha do ouro",Caatinga,31,34,28.5,0.57,M,3,0.005,0.877,F2,0.008,0.012,,
2042,4/14/2015,Apr-15,"Porto da folha, Ilha do ouro",Caatinga,32,20.32,15.94,0.08,I,1,0.001,1.250,F3,0.011,0.019,,
2042,4/14/2015,Apr-15,"Porto da folha, Ilha do ouro",Caatinga,33,30.25,24.4,0.3,M,5,0.001,0.333,F3,0.016,0.003,,
2042,4/14/2015,Apr-15,"Porto da folha, Ilha do ouro",Caatinga,34,33.27,28.09,0.47,M,3,0.005,1.064,F3,0.012,0.007,F,
2042,4/14/2015,Apr-15,"Porto da folha, Ilha do ouro",Caatinga,35,,25.89,0.42,M,4,0.004,0.952,F2,0.005,0.004,F,
2042,4/14/2015,Apr-15,"Porto da folha, Ilha do ouro",Caatinga,36,22.28,18.16,0.12,I,1,0.001,0.833,F2,0.006,0.002,,
2042,4/14/2015,Apr-15,"Porto da folha, Ilha do ouro",Caatinga,37,36.18,29.46,0.62,M,3,0.009,1.452,F2,0.019,0.008,F,
2042,4/14/2015,Apr-15,"Porto da folha, Ilha do ouro",Caatinga,38,33.22,27.48,0.5,M,4,0.003,0.600,F3,0.014,0.004,F,
2042,4/14/2015,Apr-15,"Porto da folha, Ilha do ouro",Caatinga,39,33,26.88,0.48,M,2,0.003,0.625,F3,0.015,0.007,F,
2042,4/14/2015,Apr-15,"Porto da folha, Ilha do ouro",Caatinga,40,37.75,30.48,0.75,F,3,0.067,8.933,F3,0.050,0.035,F,
2042,4/14/2015,Apr-15,"Porto da folha, Ilha do ouro",Caatinga,41,25.42,21.12,0.19,M,2,0.001,0.526,VZ,,0.012,F,
2042,4/14/2015,Apr-15,"Porto da folha, Ilha do ouro",Caatinga,42,33.63,27.9,0.42,M,3,0.007,1.667,F2,0.013,0.009,F,
2042,4/14/2015,Apr-15,"Porto da folha, Ilha do ouro",Caatinga,43,33.94,27.81,0.43,M,4,0.004,0.930,F3,0.010,0.008,,
2042,4/14/2015,Apr-15,"Porto da folha, Ilha do ouro",Caatinga,44,34.9,26.44,0.46,F,5,0.001,0.217,F3,0.011,0.011,,
2042,4/14/2015,Apr-15,"Porto da folha, Ilha do ouro",Caatinga,45,34.2,27.6,0.46,M,3,0.007,1.522,F3,0.024,0.010,F,
2042,4/14/2015,Apr-15,"Porto da folha, Ilha do ouro",Caatinga,46,34.96,30.67,0.61,F,3,0.027,4.426,VZ,,0.009,F,
2042,4/14/2015,Apr-15,"Porto da folha, Ilha do ouro",Caatinga,47,35.34,29.18,0.51,M,3,0.005,0.980,F3,0.012,0.004,F,
2042,4/14/2015,Apr-15,"Porto da folha, Ilha do ouro",Caatinga,48,34.86,27.45,0.55,M,3,0.009,1.636,F2,0.013,0.009,F,
2042,4/14/2015,Apr-15,"Porto da folha, Ilha do ouro",Caatinga,49,36.07,29.49,0.63,F,4,0.011,1.746,F2,0.020,0.016,F,
2042,4/14/2015,Apr-15,"Porto da folha, Ilha do ouro",Caatinga,50,35.91,29.57,0.53,F,2,0.024,4.528,F3,0.021,0.010,F,
2254,7/22/2015,Jul-15,UHE Xingó,Caatinga,1,40.23,33.07,0.96,F,2,0.048,5.000,VZ,,0.005,F,
2254,7/22/2015,Jul-15,UHE Xingó,Caatinga,2,34.23,28.59,0.42,F,4,0.020,4.762,F1,0.008,0.005,,
2254,7/22/2015,Jul-15,UHE Xingó,Caatinga,3,32.9,26.14,0.43,F,4,0.018,4.186,F2,0.009,0.004,,
2254,7/22/2015,Jul-15,UHE Xingó,Caatinga,4,34.6,28.32,0.44,M,3,0.003,0.682,F3,0.007,0.003,,
2254,7/22/2015,Jul-15,UHE Xingó,Caatinga,5,36.8,30.75,0.59,F,2,0.018,3.051,F3,0.012,0.006,F,
2254,7/22/2015,Jul-15,UHE Xingó,Caatinga,6,36.94,30.86,0.58,M,3,0.006,1.034,VZ,,0.007,,
2254,7/22/2015,Jul-15,UHE Xingó,Caatinga,7,35.04,28.77,0.48,F,2,0.029,6.042,VZ,,0.004,,
2254,7/22/2015,Jul-15,UHE Xingó,Caatinga,8,35,28.48,0.39,M,3,0.005,1.282,VZ,,0.003,F,
2254,7/22/2015,Jul-15,UHE Xingó,Caatinga,9,37.93,32.48,0.71,F,2,0.037,5.211,VZ,,0.005,F,
2254,7/22/2015,Jul-15,UHE Xingó,Caatinga,10,35.44,29.43,0.45,M,3,0.006,1.333,F1,0.006,0.004,F,
2254,7/22/2015,Jul-15,UHE Xingó,Caatinga,11,37.54,30.67,0.59,F,3,0.045,7.627,VZ,,0.002,FEC,
2254,7/22/2015,Jul-15,UHE Xingó,Caatinga,12,30.66,28.2,0.53,M,3,0.005,0.943,F1,0.009,0.003,F,
2254,7/22/2015,Jul-15,UHE Xingó,Caatinga,13,34.26,29.95,0.59,F,3,0.031,5.254,VZ,,0.003,FEC,
2254,7/22/2015,Jul-15,UHE Xingó,Caatinga,14,33.28,28.47,0.54,F,4,0.018,3.333,F2,0.015,0.007,,
2254,7/22/2015,Jul-15,UHE Xingó,Caatinga,15,36.77,31.2,0.55,F,3,0.043,7.818,F2,0.010,0.012,FEC,
2254,7/22/2015,Jul-15,UHE Xingó,Caatinga,16,32.89,26.8,0.36,F,5,0.004,1.111,F2,0.012,0.005,FEC,
2254,7/22/2015,Jul-15,UHE Xingó,Caatinga,17,36.07,28.43,0.45,F,4,0.020,4.444,F1,0.008,0.006,,
2254,7/22/2015,Jul-15,UHE Xingó,Caatinga,18,35.32,30.44,0.59,F,3,0.034,5.763,VZ,,0.010,FEC,
2254,7/22/2015,Jul-15,UHE Xingó,Caatinga,19,37.25,30.7,0.61,F,4,0.024,3.934,D1,0.007,0.006,,
2254,7/22/2015,Jul-15,UHE Xingó,Caatinga,20,34.99,30.33,0.57,M,3,0.003,0.526,F2,0.007,0.004,F,
2254,7/22/2015,Jul-15,UHE Xingó,Caatinga,21,36.69,29.6,0.52,F,2,0.019,3.654,F2,0.007,0.004,F,
2254,7/22/2015,Jul-15,UHE Xingó,Caatinga,22,35.42,29.53,0.63,M,3,0.006,0.952,VZ,,0.003,F,
2254,7/22/2015,Jul-15,UHE Xingó,Caatinga,23,34.91,28.61,0.44,F,4,0.012,2.727,F2,0.008,0.003,,
2254,7/22/2015,Jul-15,UHE Xingó,Caatinga,24,35.49,29.11,0.55,M,3,0.006,1.091,VZ,,0.007,F,
2254,7/22/2015,Jul-15,UHE Xingó,Caatinga,25,35.42,27.07,0.51,F,4,0.019,3.725,VZ,,0.003,,
2254,7/22/2015,Jul-15,UHE Xingó,Caatinga,26,38.65,30.98,0.61,F,4,0.022,3.607,D1,0.004,0.005,,
2254,7/22/2015,Jul-15,UHE Xingó,Caatinga,27,36.71,31.06,0.63,F,4,0.023,3.651,D1,0.006,0.004,,
2254,7/22/2015,Jul-15,UHE Xingó,Caatinga,28,36.04,30.79,0.64,F,4,0.020,3.125,F1,0.009,0.006,,
2254,7/22/2015,Jul-15,UHE Xingó,Caatinga,29,37.29,31.1,0.55,F,4,0.018,3.273,VZ,0.005,,,
2254,7/22/2015,Jul-15,UHE Xingó,Caatinga,30,38.03,31.07,0.58,F,2,0.024,4.138,VZ,,0.008,,
2254,7/22/2015,Jul-15,UHE Xingó,Caatinga,31,39.93,32.72,0.66,M,3,0.005,0.758,F3,0.013,0.002,,
2254,7/22/2015,Jul-15,UHE Xingó,Caatinga,32,34.38,29.57,0.54,F,3,0.043,7.963,F1,0.006,0.004,FEC,
2254,7/22/2015,Jul-15,UHE Xingó,Caatinga,33,32.77,29.52,0.52,M,5,0.001,0.192,VZ,,0.009,,
2254,7/22/2015,Jul-15,UHE Xingó,Caatinga,34,35.85,29.62,0.55,F,2,0.032,5.818,D1,0.004,0.006,F,
2254,7/22/2015,Jul-15,UHE Xingó,Caatinga,35,34.1,28.26,0.42,M,3,0.004,0.952,VZ,,0.002,,
2254,7/22/2015,Jul-15,UHE Xingó,Caatinga,36,32.61,26.54,0.35,F,3,0.032,9.143,VZ,,0.005,FEC,
2254,7/22/2015,Jul-15,UHE Xingó,Caatinga,37,31.14,25.29,0.28,M,4,0.002,0.714,VZ,,0.005,F,
2254,7/22/2015,Jul-15,UHE Xingó,Caatinga,38,27.81,21.95,0.23,F,5,0.001,0.435,F1,0.008,0.001,F,
2254,7/22/2015,Jul-15,UHE Xingó,Caatinga,39,25.73,19.68,0.15,M,3,0.002,1.333,F3,0.005,0.001,F,
2254,7/22/2015,Jul-15,UHE Xingó,Caatinga,40,32.03,25.41,0.34,F,4,0.008,2.353,F1,0.007,0.003,,
2254,7/22/2015,Jul-15,UHE Xingó,Caatinga,41,33.58,25.76,0.41,M,3,0.006,1.463,VZ,,0.009,,
2254,7/22/2015,Jul-15,UHE Xingó,Caatinga,42,30.4,23.77,0.3,F,4,0.020,6.667,F2,0.010,0.004,,
2254,7/22/2015,Jul-15,UHE Xingó,Caatinga,43,34.32,26.96,0.5,F,3,0.075,15.000,VZ,,0.004,,
2254,7/22/2015,Jul-15,UHE Xingó,Caatinga,44,29.6,22.01,0.23,M,4,0.002,0.870,F2,0.008,0.003,F,
2254,7/22/2015,Jul-15,UHE Xingó,Caatinga,45,24.69,18.45,0.13,F,1,0.001,0.769,F1,0.007,0.001,F,
2254,7/22/2015,Jul-15,UHE Xingó,Caatinga,46,34.61,26.02,0.41,M,3,0.005,1.220,VZ,,0.009,F,
2254,7/22/2015,Jul-15,UHE Xingó,Caatinga,47,31.39,23.66,0.37,M,4,0.004,1.081,VZ,,0.006,F,
2254,7/22/2015,Jul-15,UHE Xingó,Caatinga,48,31.88,27.68,0.37,F,3,0.026,7.027,F2,0.008,0.004,F,
2254,7/22/2015,Jul-15,UHE Xingó,Caatinga,49,35.54,30.47,0.58,F,3,0.048,8.276,VZ,,0.008,FEC,
2254,7/22/2015,Jul-15,UHE Xingó,Caatinga,50,37.83,30.99,0.61,F,3,0.055,9.016,VZ,,0.003,FEC,
2265,7/23/2015,Jul-15,Niterói,Caatinga,1,35.05,28.37,0.36,M,2,0.001,0.278,F3,0.006,0.001,,
2265,7/23/2015,Jul-15,Niterói,Caatinga,2,31.19,28.19,0.39,M,3,0.008,2.051,F3,0.013,0.004,F,
2265,7/23/2015,Jul-15,Niterói,Caatinga,3,31.44,26.35,0.27,M,4,0.002,0.741,F2,0.006,0.002,F,
2265,7/23/2015,Jul-15,Niterói,Caatinga,4,27.23,22.5,0.19,F,5,0.001,0.526,F2,0.006,0.001,F,
2265,7/23/2015,Jul-15,Niterói,Caatinga,5,29.48,27.71,0.42,F,2,0.022,5.238,F3,0.012,0.004,,
2265,7/23/2015,Jul-15,Niterói,Caatinga,6,31.79,26.8,0.34,M,4,0.001,0.294,F2,0.004,0.003,,
2265,7/23/2015,Jul-15,Niterói,Caatinga,7,,29.27,0.48,M,3,0.008,1.667,F3,0.006,0.003,F,
2265,7/23/2015,Jul-15,Niterói,Caatinga,8,31.88,24.54,0.25,M,2,0.001,0.400,D1,0.007,0.005,,
2265,7/23/2015,Jul-15,Niterói,Caatinga,9,34.91,28.76,0.42,F,4,0.016,3.810,F2,0.009,0.009,,
2265,7/23/2015,Jul-15,Niterói,Caatinga,10,32.72,24.92,0.23,M,4,0.001,0.435,F2,0.006,0.001,F,
2265,7/23/2015,Jul-15,Niterói,Caatinga,11,33.1,29.06,0.33,F,3,0.024,7.273,F3,0.008,0.004,,
2265,7/23/2015,Jul-15,Niterói,Caatinga,12,33.2,27.68,0.28,F,5,0.004,1.429,F1,0.009,0.006,,
2265,7/23/2015,Jul-15,Niterói,Caatinga,13,33.15,27.42,0.35,M,3,0.005,1.429,F2,0.006,0.003,,
2265,7/23/2015,Jul-15,Niterói,Caatinga,14,29.61,24.84,0.25,M,4,0.002,0.800,F2,0.007,0.002,,
2265,7/23/2015,Jul-15,Niterói,Caatinga,15,26.45,21.74,0.16,M,5,0.001,0.625,F3,0.008,0.001,,
2265,7/23/2015,Jul-15,Niterói,Caatinga,16,31.41,24.1,0.25,M,3,0.003,1.200,VZ,,0.009,,
2265,7/23/2015,Jul-15,Niterói,Caatinga,17,28.08,25.14,0.32,F,3,0.026,8.125,F3,0.011,0.006,F,
2265,7/23/2015,Jul-15,Niterói,Caatinga,18,30.83,25.99,0.26,F,5,0.004,1.538,F3,0.013,0.003,F,
2265,7/23/2015,Jul-15,Niterói,Caatinga,19,35.55,26.31,0.36,F,4,0.014,3.889,F2,0.010,0.002,F,M5
2265,7/23/2015,Jul-15,Niterói,Caatinga,20,37.13,31.44,0.54,F,2,0.030,5.556,F3,0.028,0.010,F,
2265,7/23/2015,Jul-15,Niterói,Caatinga,21,29.91,24.87,0.23,M,3,0.006,2.609,F2,0.010,0.003,F,
2265,7/23/2015,Jul-15,Niterói,Caatinga,22,35.58,27.22,0.32,M,3,0.004,1.250,F2,0.008,0.002,F,
2265,7/23/2015,Jul-15,Niterói,Caatinga,23,31.27,30.61,0.57,F,2,0.044,7.719,F2,0.018,0.010,F,
2265,7/23/2015,Jul-15,Niterói,Caatinga,24,34.67,27.62,0.37,F,4,0.021,5.676,F1,0.005,0.004,F,
2265,7/23/2015,Jul-15,Niterói,Caatinga,25,21.93,16.16,0.073,F,1,0.001,1.370,F3,0.002,0.001,F,
2265,7/23/2015,Jul-15,Niterói,Caatinga,26,25.37,20.43,0.11,M,5,0.001,0.909,F3,0.005,0.002,,
2265,7/23/2015,Jul-15,Niterói,Caatinga,27,26.86,22.27,0.16,F,5,0.001,0.625,F3,0.006,0.005,F,
2265,7/23/2015,Jul-15,Niterói,Caatinga,28,29.79,23.81,0.22,F,4,0.004,1.818,F3,0.009,0.002,,
2265,7/23/2015,Jul-15,Niterói,Caatinga,29,32.37,25.59,0.29,M,3,0.004,1.379,VZ,,0.002,,
2265,7/23/2015,Jul-15,Niterói,Caatinga,30,31.09,23.59,0.27,M,2,0.004,1.481,F2,0.003,0.003,,
2265,7/23/2015,Jul-15,Niterói,Caatinga,31,34.74,27.5,0.38,M,3,0.007,1.842,F2,0.005,0.005,,
2265,7/23/2015,Jul-15,Niterói,Caatinga,32,31.59,25.96,0.31,M,3,0.005,1.613,F3,0.006,0.002,,
2265,7/23/2015,Jul-15,Niterói,Caatinga,33,32.07,25.66,0.29,M,3,0.004,1.379,F2,0.010,0.003,,
2265,7/23/2015,Jul-15,Niterói,Caatinga,34,31.61,26.54,0.36,M,2,0.002,0.556,F3,0.007,0.003,,
2265,7/23/2015,Jul-15,Niterói,Caatinga,35,39.02,32.13,0.59,F,4,0.035,5.932,F3,0.036,0.005,,
2265,7/23/2015,Jul-15,Niterói,Caatinga,36,31.55,24.46,0.23,M,2,0.002,0.870,D1,0.008,0.008,,
2265,7/23/2015,Jul-15,Niterói,Caatinga,37,28.24,23.97,0.21,M,4,0.002,0.952,F3,0.007,0.006,,
2265,7/23/2015,Jul-15,Niterói,Caatinga,38,28.49,22.94,0.17,F,5,0.001,0.588,VZ,,0.001,,
2265,7/23/2015,Jul-15,Niterói,Caatinga,39,21.21,17.47,0.068,I,1,0.001,1.471,F3,0.005,0.001,,
2265,7/23/2015,Jul-15,Niterói,Caatinga,40,31.01,25.21,0.26,M,3,0.002,0.769,F3,0.009,0.001,,
2265,7/23/2015,Jul-15,Niterói,Caatinga,41,30.73,24.71,0.31,M,4,0.002,0.645,F1,0.005,0.002,,
2265,7/23/2015,Jul-15,Niterói,Caatinga,42,29.92,24.21,0.23,M,4,0.002,0.870,F2,0.005,0.003,,
2265,7/23/2015,Jul-15,Niterói,Caatinga,43,28.74,22.96,0.22,M,4,0.001,0.455,F2,0.004,0.005,F,
2265,7/23/2015,Jul-15,Niterói,Caatinga,44,34.86,28.56,0.38,M,3,0.003,0.789,VZ,,0.005,,
2265,7/23/2015,Jul-15,Niterói,Caatinga,45,29.82,24.24,0.24,M,4,0.002,0.833,F3,0.005,0.002,,
2265,7/23/2015,Jul-15,Niterói,Caatinga,46,35.9,29.87,0.48,M,3,0.005,1.042,F3,0.011,0.006,F,
2265,7/23/2015,Jul-15,Niterói,Caatinga,47,36.02,28.9,0.43,M,3,0.004,0.930,F3,0.008,0.002,F,
2265,7/23/2015,Jul-15,Niterói,Caatinga,48,37.7,30.9,0.51,M,3,0.005,0.980,F2,0.008,0.004,,
2265,7/23/2015,Jul-15,Niterói,Caatinga,49,32.26,26.02,0.29,F,4,0.002,0.690,VZ,,0.004,F,
2265,7/23/2015,Jul-15,Niterói,Caatinga,50,30.79,24.98,0.24,M,3,0.002,0.833,F2,0.006,0.002,F,
2272,7/23/2015,Jul-15,Ilha do Ouro,Caatinga,1,17.92,14.3,0.04,I,1,0.001,2.500,F3,0.003,0.002,Fixado,
2272,7/23/2015,Jul-15,Ilha do Ouro,Caatinga,2,19.35,24.52,0.26,M,2,0.001,0.385,F3,0.004,0.003,,
2272,7/23/2015,Jul-15,Ilha do Ouro,Caatinga,3,34.32,29.41,0.39,F,5,0.001,0.256,F3,0.017,0.006,,
2272,7/23/2015,Jul-15,Ilha do Ouro,Caatinga,4,34.2,27.11,0.37,F,4,0.008,2.162,VZ,,0.006,,
2272,7/23/2015,Jul-15,Ilha do Ouro,Caatinga,5,29.93,24.76,0.29,M,3,0.003,1.034,VZ,,0.003,F,
2272,7/23/2015,Jul-15,Ilha do Ouro,Caatinga,6,20.66,16.99,0.07,I,1,0.001,1.429,F2,0.002,0.002,,
2272,7/23/2015,Jul-15,Ilha do Ouro,Caatinga,7,23.7,19.24,0.12,M,1,0.001,0.833,F2,0.004,0.001,,
2272,7/23/2015,Jul-15,Ilha do Ouro,Caatinga,8,35.09,28.72,0.55,M,3,0.002,0.364,F3,0.008,0.006,,
2272,7/23/2015,Jul-15,Ilha do Ouro,Caatinga,9,31.11,25.06,0.34,M,4,0.002,0.588,F2,0.009,0.002,,
2272,7/23/2015,Jul-15,Ilha do Ouro,Caatinga,10,30.33,25.18,0.3,F,5,0.003,1.000,F2,0.008,0.001,,
2272,7/23/2015,Jul-15,Ilha do Ouro,Caatinga,11,24.35,19.28,0.14,F,1,0.001,0.714,F3,0.004,0.002,F,
2272,7/23/2015,Jul-15,Ilha do Ouro,Caatinga,12,27.12,21.73,0.19,F,5,0.001,0.526,F2,0.003,0.001,F,
2272,7/23/2015,Jul-15,Ilha do Ouro,Caatinga,13,33.17,26.14,0.4,F,5,0.005,1.250,D1,0.004,0.002,,
2272,7/23/2015,Jul-15,Ilha do Ouro,Caatinga,14,31.91,27.11,0.4,F,5,0.004,1.000,F2,0.009,0.004,F,
2272,7/23/2015,Jul-15,Ilha do Ouro,Caatinga,15,34.61,28.28,0.43,F,2,0.023,5.349,F3,0.009,0.002,F,
2272,7/23/2015,Jul-15,Ilha do Ouro,Caatinga,16,26.44,21.37,0.16,F,5,0.004,2.500,F3,0.008,0.003,,
2272,7/23/2015,Jul-15,Ilha do Ouro,Caatinga,17,17.91,14.71,0.04,I,1,0.001,2.500,F3,0.004,0.001,F,
2272,7/23/2015,Jul-15,Ilha do Ouro,Caatinga,18,17.94,14.57,0.05,I,1,0.001,2.000,D2,0.003,0.001,,
2272,7/23/2015,Jul-15,Ilha do Ouro,Caatinga,19,22.25,18.62,0.1,I,1,0.001,1.000,F3,0.002,0.003,,
2272,7/23/2015,Jul-15,Ilha do Ouro,Caatinga,20,33.31,27.13,0.39,F,4,0.010,2.564,F3,0.007,0.004,,
2272,7/23/2015,Jul-15,Ilha do Ouro,Caatinga,21,27.4,21.91,0.13,F,5,0.001,0.769,VZ,,0.002,F,
2272,7/23/2015,Jul-15,Ilha do Ouro,Caatinga,22,33.07,27.04,0.39,F,5,0.008,2.051,F3,0.014,0.003,F,
2272,7/23/2015,Jul-15,Ilha do Ouro,Caatinga,23,30.94,26.08,0.28,F,3,0.003,1.071,VZ,,0.004,F,
2272,7/23/2015,Jul-15,Ilha do Ouro,Caatinga,24,30.26,24.56,0.27,F,5,0.008,2.963,F2,0.010,0.004,F,
2272,7/23/2015,Jul-15,Ilha do Ouro,Caatinga,25,30.85,24.09,0.26,M,2,0.003,1.154,F2,0.009,0.005,F,
2272,7/23/2015,Jul-15,Ilha do Ouro,Caatinga,26,28.31,22.92,0.21,M,2,0.002,0.952,F3,0.010,0.001,F,
2272,7/23/2015,Jul-15,Ilha do Ouro,Caatinga,27,27.36,21.55,0.19,F,1,0.001,0.526,F3,0.007,0.002,F,
2272,7/23/2015,Jul-15,Ilha do Ouro,Caatinga,28,21.5,17.3,0.08,F,1,0.001,1.250,F2,0.006,0.001,F,
2272,7/23/2015,Jul-15,Ilha do Ouro,Caatinga,29,31.46,25.3,0.31,M,4,0.003,0.968,F3,0.009,0.003,,
2272,7/23/2015,Jul-15,Ilha do Ouro,Caatinga,30,20.4,16.72,0.07,M,1,0.001,1.429,F2,0.002,0.002,F,
2272,7/23/2015,Jul-15,Ilha do Ouro,Caatinga,31,33.68,27.18,0.36,M,2,0.003,0.833,F3,0.006,0.002,F,
2272,7/23/2015,Jul-15,Ilha do Ouro,Caatinga,32,30.04,25.85,0.27,F,5,0.002,0.741,F2,0.006,0.002,,
2272,7/23/2015,Jul-15,Ilha do Ouro,Caatinga,33,33.37,27.51,0.41,M,3,0.001,0.244,F3,0.010,0.003,F,
2272,7/23/2015,Jul-15,Ilha do Ouro,Caatinga,34,33.61,28.26,0.36,M,3,0.002,0.556,F2,0.003,0.002,,
2272,7/23/2015,Jul-15,Ilha do Ouro,Caatinga,35,33.47,24.83,0.36,M,3,0.003,0.833,F3,0.009,0.003,,
2272,7/23/2015,Jul-15,Ilha do Ouro,Caatinga,36,34.79,26.95,0.5,F,3,0.024,4.800,F2,0.005,0.004,,
2272,7/23/2015,Jul-15,Ilha do Ouro,Caatinga,37,32.88,25.75,0.36,M,3,0.004,1.111,F3,0.008,0.006,,
2272,7/23/2015,Jul-15,Ilha do Ouro,Caatinga,38,30.09,25.18,0.29,M,4,0.001,0.345,D1,0.007,0.003,F,
2272,7/23/2015,Jul-15,Ilha do Ouro,Caatinga,39,29.11,30.63,0.29,F,5,0.006,2.069,F3,0.005,0.001,,
2272,7/23/2015,Jul-15,Ilha do Ouro,Caatinga,40,30.33,25.15,0.22,F,5,0.004,1.818,F3,0.005,0.002,,
2272,7/23/2015,Jul-15,Ilha do Ouro,Caatinga,41,35.26,29.17,0.46,F,5,0.002,0.435,F2,0.008,0.002,,
2272,7/23/2015,Jul-15,Ilha do Ouro,Caatinga,42,36.42,27.63,0.53,F,4,0.009,1.698,F3,0.006,0.006,,
2272,7/23/2015,Jul-15,Ilha do Ouro,Caatinga,43,32.16,25.69,0.39,F,4,0.002,0.513,VZ,,0.004,,
2272,7/23/2015,Jul-15,Ilha do Ouro,Caatinga,44,33.07,26.74,0.38,M,2,0.002,0.526,F2,0.006,0.003,,
2272,7/23/2015,Jul-15,Ilha do Ouro,Caatinga,45,32.63,25.73,0.39,M,2,0.002,0.513,F2,0.010,0.002,F,
2272,7/23/2015,Jul-15,Ilha do Ouro,Caatinga,46,28.75,21.91,0.2,M,4,0.001,0.500,F2,0.003,0.004,F,
2272,7/23/2015,Jul-15,Ilha do Ouro,Caatinga,47,36.8,28.03,0.49,M,3,0.003,0.612,VZ,,0.001,F,
2272,7/23/2015,Jul-15,Ilha do Ouro,Caatinga,48,24.8,19.69,0.19,M,5,0.001,0.526,F2,0.004,0.001,F,
2272,7/23/2015,Jul-15,Ilha do Ouro,Caatinga,49,26.53,20.11,0.18,M,5,0.001,0.556,F2,0.006,0.002,F,
2272,7/23/2015,Jul-15,Ilha do Ouro,Caatinga,50,30.79,23.14,0.37,F,5,0.004,1.081,F2,0.013,0.002,F,
2289,7/23/2015,Jul-15,Curralinho,Caatinga,1,27.96,23.43,0.2,F,5,0.003,1.500,F3,0.009,0.003,,
2289,7/23/2015,Jul-15,Curralinho,Caatinga,2,35.07,27.68,0.36,F,4,0.013,3.611,F3,0.016,0.001,,
2289,7/23/2015,Jul-15,Curralinho,Caatinga,3,28.01,22.05,0.22,F,2,0.003,1.364,F3,0.008,0.001,,
2289,7/23/2015,Jul-15,Curralinho,Caatinga,4,29.97,24.06,0.26,F,4,0.011,4.231,F3,0.010,0.004,, CIUFS and Nº from the 
2289,7/23/2015,Jul-15,Curralinho,Caatinga,5,29.01,22.92,0.22,F,4,0.004,1.818,F3,0.009,0.002,,
2289,7/23/2015,Jul-15,Curralinho,Caatinga,6,30.22,24.1,0.29,F,3,0.020,6.897,F3,0.017,0.001,FEC,
2289,7/23/2015,Jul-15,Curralinho,Caatinga,7,29.72,23.15,0.3,F,3,0.020,6.667,F3,0.017,0.003,F,
2289,7/23/2015,Jul-15,Curralinho,Caatinga,8,32.19,25.17,0.33,F,3,0.028,8.485,F3,0.010,0.004,F,
2289,7/23/2015,Jul-15,Curralinho,Caatinga,9,29.58,22.47,0.22,F,4,0.007,3.182,F3,0.004,0.002,F,
2289,7/23/2015,Jul-15,Curralinho,Caatinga,10,27.42,20.98,0.19,F,5,0.003,1.579,F3,0.010,0.002,,
2289,7/23/2015,Jul-15,Curralinho,Caatinga,11,33.46,24.97,0.26,f,4,0.008,3.077,F3,0.004,0.009,,DÚVIDA SE É GONADA
2289,7/23/2015,Jul-15,Curralinho,Caatinga,12,27.98,23.65,0.19,F,5,0.001,0.526,F3,0.004,0.003,,
2289,7/23/2015,Jul-15,Curralinho,Caatinga,13,27.36,22.23,0.16,M,3,0.002,1.250,F3,0.008,0.003,,
2289,7/23/2015,Jul-15,Curralinho,Caatinga,14,33.64,26.78,0.26,F,5,0.003,1.154,F2,0.003,0.008,,
2289,7/23/2015,Jul-15,Curralinho,Caatinga,15,24.85,18.83,0.1,M,5,0.001,1.000,F3,0.007,0.001,,
2289,7/23/2015,Jul-15,Curralinho,Caatinga,16,28.64,21,0.17,M,5,0.001,0.588,F3,0.008,0.002,,
2289,7/23/2015,Jul-15,Curralinho,Caatinga,17,27.46,20.89,0.16,M,2,0.001,0.625,F2,0.003,0.003,,
2289,7/23/2015,Jul-15,Curralinho,Caatinga,18,32.52,25.92,0.29,F,4,0.009,3.103,F2,0.007,0.009,,
2289,7/23/2015,Jul-15,Curralinho,Caatinga,19,25.88,19.83,0.15,M,5,0.001,0.667,F2,0.007,0.003,,
2289,7/23/2015,Jul-15,Curralinho,Caatinga,20,23.73,17.78,0.1,F,1,0.002,2.000,F3,0.003,0.003,,
2289,7/23/2015,Jul-15,Curralinho,Caatinga,21,24.56,19.31,0.11,F,5,0.001,0.909,F3,0.003,0.004,,
2289,7/23/2015,Jul-15,Curralinho,Caatinga,22,28.01,23.29,0.21,M,5,0.001,0.476,F3,0.004,0.005,,
2289,7/23/2015,Jul-15,Curralinho,Caatinga,23,27.47,21.72,0.17,M,2,0.002,1.176,F2,0.004,0.003,,
2289,7/23/2015,Jul-15,Curralinho,Caatinga,24,27.55,21.89,0.18,M,3,0.002,1.111,F3,0.009,0.004,,
2289,7/23/2015,Jul-15,Curralinho,Caatinga,25,29.52,23.7,0.24,F,5,0.003,1.250,F3,0.006,0.003,,
2289,7/23/2015,Jul-15,Curralinho,Caatinga,26,28.12,20.64,0.15,M,4,0.002,1.333,F2,0.005,0.002,,
2289,7/23/2015,Jul-15,Curralinho,Caatinga,27,26.87,20.02,0.14,M,4,0.001,0.714,F2,0.004,0.003,F,
2289,7/23/2015,Jul-15,Curralinho,Caatinga,28,31.71,24.17,0.27,F,4,0.013,4.815,F2,0.012,0.005,,
2289,7/23/2015,Jul-15,Curralinho,Caatinga,29,31.6,24.68,0.29,F,2,0.015,5.172,F3,0.007,0.004,F,
2289,7/23/2015,Jul-15,Curralinho,Caatinga,30,31.17,24.75,0.26,M,2,0.002,0.769,F3,0.011,0.003,,
2289,7/23/2015,Jul-15,Curralinho,Caatinga,31,29.95,23.54,0.22,F,4,0.011,5.000,F3,0.007,0.003,,
2289,7/23/2015,Jul-15,Curralinho,Caatinga,32,27.71,21.37,0.19,F,5,0.002,1.053,F3,0.008,0.002,,
2289,7/23/2015,Jul-15,Curralinho,Caatinga,33,31.7,25.44,0.27,M,3,0.009,3.333,D3,0.014,0.008,,
2289,7/23/2015,Jul-15,Curralinho,Caatinga,34,22.87,17.68,0.09,I,1,0.001,1.111,F3,0.001,0.001,,
2289,7/23/2015,Jul-15,Curralinho,Caatinga,35,24.22,17.82,0.14,F,1,0.001,0.714,F3,0.006,0.005,F,
2289,7/23/2015,Jul-15,Curralinho,Caatinga,36,32.42,24.5,0.33,F,3,0.023,6.970,F3,0.015,0.005,,
2289,7/23/2015,Jul-15,Curralinho,Caatinga,37,23.3,18.27,0.11,I,1,0.001,0.909,F2,0.006,0.003,,
2289,7/23/2015,Jul-15,Curralinho,Caatinga,38,30.15,24.37,0.28,F,4,0.006,2.143,F3,0.010,0.002,,
2289,7/23/2015,Jul-15,Curralinho,Caatinga,39,28.85,23.58,0.26,M,4,0.001,0.385,VZ,X,0.003,,
2289,7/23/2015,Jul-15,Curralinho,Caatinga,40,24.76,18.98,0.16,F,5,0.001,0.625,F2,0.005,0.003,,
2289,7/23/2015,Jul-15,Curralinho,Caatinga,41,23.57,18.2,0.1,F,1,0.001,1.000,VZ,X,0.005,,
2289,7/23/2015,Jul-15,Curralinho,Caatinga,42,22.81,19.16,0.13,F,1,0.001,0.769,F3,0.005,0.002,F,
2289,7/23/2015,Jul-15,Curralinho,Caatinga,43,25.78,20.74,0.18,F,1,0.001,0.556,F3,0.006,0.002,,
2289,7/23/2015,Jul-15,Curralinho,Caatinga,44,27.48,21.14,0.19,F,5,0.004,2.105,F3,0.008,0.004,,
2289,7/23/2015,Jul-15,Curralinho,Caatinga,45,30.22,24.34,0.29,F,5,0.005,1.724,F3,0.010,0.005,,
2422,10/20/2015,Oct-15,Ilha do ouro,Caatinga,1,44.9,34.91,0.87,F,5,0.006,0.690,F3,0.033,0.006,,
2422,10/20/2015,Oct-15,Ilha do ouro,Caatinga,2,34.61,25.98,0.39,M,3,0.003,0.769,F3,0.013,0.002,,
2422,10/20/2015,Oct-15,Ilha do ouro,Caatinga,3,28.71,22.35,0.24,M,4,0.001,0.417,F1,0.007,0.002,,
2422,10/20/2015,Oct-15,Ilha do ouro,Caatinga,4,28.07,21.76,0.21,M,4,0.001,0.476,F1,0.004,0.003,,
2422,10/20/2015,Oct-15,Ilha do ouro,Caatinga,5,30.8,23.76,0.21,F,1,0.001,0.476,F1,0.006,0.001,,
2422,10/20/2015,Oct-15,Ilha do ouro,Caatinga,6,31.23,24.63,0.3,M,3,0.002,0.667,F2,0.012,0.002,,
2422,10/20/2015,Oct-15,Ilha do ouro,Caatinga,7,41.77,32.76,0.74,F,5,0.003,0.405,F1,0.020,0.007,,
2422,10/20/2015,Oct-15,Ilha do ouro,Caatinga,8,28.58,22.01,0.22,M,2,0.001,0.455,F2,0.005,0.002,,
2422,10/20/2015,Oct-15,Ilha do ouro,Caatinga,9,35.35,27.9,0.46,F,2,0.018,3.913,F3,0.011,0.005,,
2422,10/20/2015,Oct-15,Ilha do ouro,Caatinga,10,26.91,21.19,0.17,F,5,0.001,0.588,F2,0.003,0.002,,
2422,10/20/2015,Oct-15,Ilha do ouro,Caatinga,11,34.5,26.94,0.36,F,2,0.012,3.333,VZ,,0.002,,
2422,10/20/2015,Oct-15,Ilha do ouro,Caatinga,12,27.65,20.83,0.18,M,1,0.001,0.556,VZ,,0.001,,
2422,10/20/2015,Oct-15,Ilha do ouro,Caatinga,13,33.94,26.79,0.4,F,4,0.013,3.250,F3,0.028,0.004,,
2422,10/20/2015,Oct-15,Ilha do ouro,Caatinga,14,33.33,24.75,0.35,M,4,0.003,0.857,F3,0.015,0.004,,
2422,10/20/2015,Oct-15,Ilha do ouro,Caatinga,15,33.52,25.25,0.33,F,5,0.005,1.515,F3,0.016,0.007,,
2422,10/20/2015,Oct-15,Ilha do ouro,Caatinga,16,28.34,21.25,0.19,F,5,0.003,1.579,F2,0.011,0.004,,
2422,10/20/2015,Oct-15,Ilha do ouro,Caatinga,17,27.57,22.36,0.21,M,4,0.001,0.476,F2,0.008,0.002,,
2422,10/20/2015,Oct-15,Ilha do ouro,Caatinga,18,29.43,22.49,0.25,M,4,0.002,0.800,F2,0.008,0.003,,
2422,10/20/2015,Oct-15,Ilha do ouro,Caatinga,19,29.69,22.29,0.21,M,4,0.002,0.952,F2,0.008,0.003,,
2422,10/20/2015,Oct-15,Ilha do ouro,Caatinga,20,36.56,28.3,0.43,F,5,0.005,1.163,F3,0.016,0.003,,
2422,10/20/2015,Oct-15,Ilha do ouro,Caatinga,21,34.72,26.52,0.39,F,4,0.007,1.795,F3,0.021,0.006,,
2422,10/20/2015,Oct-15,Ilha do ouro,Caatinga,22,29.9,23.81,0.24,M,2,0.002,0.833,F3,0.012,0.003,,
2422,10/20/2015,Oct-15,Ilha do ouro,Caatinga,23,28.49,22.95,0.22,F,1,0.002,0.909,F2,0.009,0.002,,
2422,10/20/2015,Oct-15,Ilha do ouro,Caatinga,24,27.32,21.51,0.19,M,4,0.001,0.526,F1,0.006,0.001,,
2422,10/20/2015,Oct-15,Ilha do ouro,Caatinga,25,32.49,24.97,0.33,F,2,0.008,2.424,F3,0.015,0.003,,
2422,10/20/2015,Oct-15,Ilha do ouro,Caatinga,26,30.03,23.96,0.25,M,2,0.001,0.400,F2,0.006,0.002,,
2422,10/20/2015,Oct-15,Ilha do ouro,Caatinga,27,27.51,21.14,0.21,F,5,0.002,0.952,F1,0.005,0.002,,
2422,10/20/2015,Oct-15,Ilha do ouro,Caatinga,28,32.96,25.78,0.39,F,5,0.004,1.026,F3,0.016,0.003,F,
2422,10/20/2015,Oct-15,Ilha do ouro,Caatinga,29,32.84,25.29,0.36,F,2,0.015,4.167,F3,0.010,0.003,,
2422,10/20/2015,Oct-15,Ilha do ouro,Caatinga,30,30.84,25.61,0.3,M,2,0.001,0.333,F3,0.011,0.002,,
2422,10/20/2015,Oct-15,Ilha do ouro,Caatinga,31,33.97,26.85,0.39,F,4,0.012,3.077,F2,0.009,0.003,,
2422,10/20/2015,Oct-15,Ilha do ouro,Caatinga,32,34.22,28.4,0.47,F,5,0.005,1.064,F3,0.027,0.004,F,
2422,10/20/2015,Oct-15,Ilha do ouro,Caatinga,33,26.91,21.97,0.2,M,4,0.001,0.500,D1,0.007,0.002,,
2422,10/20/2015,Oct-15,Ilha do ouro,Caatinga,34,28.61,23.2,0.24,F,5,0.003,1.250,F2,0.011,0.002,,
2422,10/20/2015,Oct-15,Ilha do ouro,Caatinga,35,27.58,23,0.22,F,5,0.002,0.909,F2,0.007,0.002,,
2422,10/20/2015,Oct-15,Ilha do ouro,Caatinga,36,34.89,28.14,0.42,M,3,0.005,1.190,F2,0.012,0.004,,
2422,10/20/2015,Oct-15,Ilha do ouro,Caatinga,37,32.44,26.8,0.34,F,5,0.005,1.471,F2,0.007,0.003,,
2422,10/20/2015,Oct-15,Ilha do ouro,Caatinga,38,30.13,24.47,0.3,F,5,0.002,0.667,F3,0.013,0.002,,
2422,10/20/2015,Oct-15,Ilha do ouro,Caatinga,39,30.42,24.89,0.27,F,5,0.003,1.111,F2,0.004,0.002,,
2422,10/20/2015,Oct-15,Ilha do ouro,Caatinga,40,35.4,29.15,0.44,F,5,0.003,0.682,F3,0.012,0.002,,
2422,10/20/2015,Oct-15,Ilha do ouro,Caatinga,41,29.52,24.57,0.29,F,5,0.004,1.379,F2,0.006,0.002,,
2422,10/20/2015,Oct-15,Ilha do ouro,Caatinga,42,28.28,22.09,0.22,M,2,0.002,0.909,F2,0.008,0.002,,
2422,10/20/2015,Oct-15,Ilha do ouro,Caatinga,43,34.54,27.62,0.43,F,5,0.002,0.465,D1,0.007,0.005,,
2422,10/20/2015,Oct-15,Ilha do ouro,Caatinga,44,36.41,27.79,0.48,F,4,0.008,1.667,F3,0.018,0.009,,
2422,10/20/2015,Oct-15,Ilha do ouro,Caatinga,45,26.66,21.46,0.16,M,3,0.004,2.500,VZ,,0.003,,
2422,10/20/2015,Oct-15,Ilha do ouro,Caatinga,46,31.41,24.83,0.33,F,5,0.003,0.909,F2,0.009,0.006,,
2422,10/20/2015,Oct-15,Ilha do ouro,Caatinga,47,29.5,24.05,0.26,M,2,0.001,0.385,F3,0.011,0.005,,
2422,10/20/2015,Oct-15,Ilha do ouro,Caatinga,48,26.05,21.05,0.18,M,2,0.001,0.556,F3,0.010,0.005,,
2422,10/20/2015,Oct-15,Ilha do ouro,Caatinga,49,26.77,21.66,0.19,F,5,0.001,0.526,F1,0.005,0.003,,
2422,10/20/2015,Oct-15,Ilha do ouro,Caatinga,50,27.48,21.73,0.15,F,5,0.003,2.000,F3,0.010,0.007,,
2432,10/20/2015,Oct-15,Curralinho,Caatinga,1,30.68,24.36,0.24,F,4,0.006,2.500,F2,0.007,0.003,,
2432,10/20/2015,Oct-15,Curralinho,Caatinga,2,32.69,26.68,0.22,M,2,0.002,0.909,F1,0.010,0.006,,
2432,10/20/2015,Oct-15,Curralinho,Caatinga,3,30.71,24.56,0.26,F,2,0.013,5.000,F2,0.009,0.004,F,
2432,10/20/2015,Oct-15,Curralinho,Caatinga,4,26.72,22,0.17,M,2,0.001,0.588,F1,0.006,0.002,F,
2432,10/20/2015,Oct-15,Curralinho,Caatinga,5,29.36,23.58,0.23,F,2,0.016,6.957,F3,0.008,0.003,,
2432,10/20/2015,Oct-15,Curralinho,Caatinga,6,26.53,21.23,0.19,M,2,0.001,0.526,F2,0.006,0.001,,
2432,10/20/2015,Oct-15,Curralinho,Caatinga,7,24.18,20.98,0.14,F,5,0.002,1.429,F1,0.007,0.001,,
2432,10/20/2015,Oct-15,Curralinho,Caatinga,8,28.89,23.8,0.26,M,3,0.002,0.769,F1,0.006,0.004,,
2432,10/20/2015,Oct-15,Curralinho,Caatinga,9,29.03,23.64,0.16,M,3,0.002,1.250,F1,0.002,0.005,,
2432,10/20/2015,Oct-15,Curralinho,Caatinga,10,25.69,21.08,0.36,F,2,0.016,4.444,F2,0.006,0.005,,
2432,10/20/2015,Oct-15,Curralinho,Caatinga,11,30.41,25.19,0.2,M,4,0.001,0.500,F3,0.012,0.002,,
2432,10/20/2015,Oct-15,Curralinho,Caatinga,12,27.67,22.5,0.13,M,3,0.002,1.538,F2,0.005,0.002,,
2432,10/20/2015,Oct-15,Curralinho,Caatinga,13,23.22,19.31,0.34,F,4,0.005,1.471,F2,0.007,0.002,,
2432,10/20/2015,Oct-15,Curralinho,Caatinga,14,31.43,25.68,0.31,F,4,0.002,0.645,F3,0.005,0.004,,
2432,10/20/2015,Oct-15,Curralinho,Caatinga,15,30.55,25.85,0.21,F,3,0.011,5.238,F2,0.005,0.006,,
2432,10/20/2015,Oct-15,Curralinho,Caatinga,16,22.34,18.11,0.1,M,2,0.001,1.000,F2,0.003,0.002,,
2432,10/20/2015,Oct-15,Curralinho,Caatinga,17,34.77,28.29,0.46,F,4,0.020,4.348,F3,0.016,0.006,,
2432,10/20/2015,Oct-15,Curralinho,Caatinga,18,28.12,24.46,0.23,F,2,0.006,2.609,F2,0.006,0.005,,
2432,10/20/2015,Oct-15,Curralinho,Caatinga,19,27.26,21.06,0.18,M,4,0.001,0.556,VZ,,0.013,,
2432,10/20/2015,Oct-15,Curralinho,Caatinga,20,31.74,25.86,0.36,M,3,0.003,0.833,F2,0.008,0.005,,
2432,10/20/2015,Oct-15,Curralinho,Caatinga,21,32.99,27.08,0.37,F,2,0.013,3.514,F2,0.006,0.005,F,
2432,10/20/2015,Oct-15,Curralinho,Caatinga,22,30.61,24.31,0.29,F,5,0.004,1.379,D1,0.005,0.005,,
2432,10/20/2015,Oct-15,Curralinho,Caatinga,23,28.21,23.22,0.22,M,3,0.002,0.909,F2,0.005,0.001,,
2432,10/20/2015,Oct-15,Curralinho,Caatinga,24,27.03,23.02,0.2,F,4,0.006,3.000,F3,0.004,0.005,,
2432,10/20/2015,Oct-15,Curralinho,Caatinga,25,28.6,22.3,0.26,M,4,0.002,0.769,F2,0.003,0.002,,
2432,10/20/2015,Oct-15,Curralinho,Caatinga,26,36.11,28.37,0.47,F,3,0.017,3.617,F3,0.012,0.005,FEC,
2432,10/20/2015,Oct-15,Curralinho,Caatinga,27,28.66,22.11,0.21,M,4,0.001,0.476,F2,0.005,0.003,,
2432,10/20/2015,Oct-15,Curralinho,Caatinga,28,31.29,25.51,0.29,M,3,0.002,0.690,F1,0.005,0.004,,
2432,10/20/2015,Oct-15,Curralinho,Caatinga,29,32.18,26.76,0.36,F,5,0.005,1.389,F2,0.004,0.004,,
2432,10/20/2015,Oct-15,Curralinho,Caatinga,30,26.63,22.47,0.2,M,4,0.001,0.500,F2,0.001,0.007,,
2432,10/20/2015,Oct-15,Curralinho,Caatinga,31,31.04,26.61,0.31,F,4,0.006,1.935,F3,0.008,0.004,,
2432,10/20/2015,Oct-15,Curralinho,Caatinga,32,23.38,19.24,0.14,F,1,0.002,1.429,F1,0.003,0.002,,
2432,10/20/2015,Oct-15,Curralinho,Caatinga,33,28.57,22.91,0.29,F,3,0.018,6.207,F3,0.006,0.004,,
2432,10/20/2015,Oct-15,Curralinho,Caatinga,34,26.51,22.17,0.21,F,5,0.001,0.476,F1,0.003,0.005,,
2432,10/20/2015,Oct-15,Curralinho,Caatinga,35,30.47,25.4,0.29,F,5,0.003,1.034,F2,0.008,0.004,,
2432,10/20/2015,Oct-15,Curralinho,Caatinga,36,31.04,25.18,0.33,F,2,0.005,1.515,F2,0.012,0.003,,
2432,10/20/2015,Oct-15,Curralinho,Caatinga,37,28.58,23.44,0.22,M,4,0.001,0.455,F3,0.014,0.002,,
2432,10/20/2015,Oct-15,Curralinho,Caatinga,38,30.45,25.26,0.29,M,3,0.002,0.690,F1,0.004,0.001,,
2432,10/20/2015,Oct-15,Curralinho,Caatinga,39,31.41,24.24,0.21,M,2,0.001,0.476,VZ,,0.003,,
2432,10/20/2015,Oct-15,Curralinho,Caatinga,40,29.23,23.4,0.3,F,5,0.004,1.333,F3,0.010,0.006,,
2432,10/20/2015,Oct-15,Curralinho,Caatinga,41,32.27,26.38,0.35,F,4,0.010,2.857,F1,0.004,0.006,,
2432,10/20/2015,Oct-15,Curralinho,Caatinga,42,31.07,24.41,0.3,F,4,0.007,2.333,F2,0.004,0.006,,
2432,10/20/2015,Oct-15,Curralinho,Caatinga,43,30.49,25.14,0.28,F,5,0.001,0.357,VZ,,0.002,,
2432,10/20/2015,Oct-15,Curralinho,Caatinga,44,27.96,22.79,0.2,M,2,0.002,1.000,F2,0.004,0.004,,
2432,10/20/2015,Oct-15,Curralinho,Caatinga,45,31.09,25.73,0.27,M,3,0.003,1.111,VZ,,0.007,,
2432,10/20/2015,Oct-15,Curralinho,Caatinga,46,28.31,23.91,0.3,F,5,0.017,5.667,F2,0.012,0.015,,
2432,10/20/2015,Oct-15,Curralinho,Caatinga,47,29.7,23.42,0.26,F,5,0.004,1.538,F3,0.008,0.010,,
2432,10/20/2015,Oct-15,Curralinho,Caatinga,48,29.7,23.21,0.19,F,5,0.013,6.842,F1,0.008,0.010,,
2432,10/20/2015,Oct-15,Curralinho,Caatinga,49,23.72,19.81,0.14,F,5,0.007,5.000,F2,0.004,0.002,,
2432,10/20/2015,Oct-15,Curralinho,Caatinga,50,30.6,24.57,0.32,F,4,0.016,5.000,F1,0.016,0.011,,
2434,10/19/2015,Oct-15,UHE Xingó,Caatinga,1,35.82,28.8,0.41,F,3,0.017,4.146,F1,0.010,0.006,,
2434,10/19/2015,Oct-15,UHE Xingó,Caatinga,2,26.14,20.08,0.12,M,5,0.001,0.833,F3,0.006,0.002,F,
2434,10/19/2015,Oct-15,UHE Xingó,Caatinga,3,23.6,18.5,0.1,M,1,0.001,1.000,VZ,,0.002,,
2434,10/19/2015,Oct-15,UHE Xingó,Caatinga,4,22.46,17.59,0.08,I,1,0.001,1.250,VZ,,0.001,,
2434,10/19/2015,Oct-15,UHE Xingó,Caatinga,5,22.36,17.86,0.07,I,1,0.001,1.429,VZ,,0.001,F,
2434,10/19/2015,Oct-15,UHE Xingó,Caatinga,6,28.61,23.07,0.18,F,5,0.001,0.556,F1,0.006,0.002,,
2434,10/19/2015,Oct-15,UHE Xingó,Caatinga,7,30.35,23.35,0.25,F,3,0.011,4.400,VZ,,0.002,,
2434,10/19/2015,Oct-15,UHE Xingó,Caatinga,8,29.66,22.54,0.2,F,5,0.001,0.500,VZ,,0.004,,
2434,10/19/2015,Oct-15,UHE Xingó,Caatinga,9,29.1,21.52,0.17,M,2,0.001,0.588,VZ,,0.001,,
2434,10/19/2015,Oct-15,UHE Xingó,Caatinga,10,27.78,21.44,0.16,M,3,0.003,1.875,F2,0.003,0.005,,
2434,10/19/2015,Oct-15,UHE Xingó,Caatinga,11,26.74,21.77,0.17,M,2,0.001,0.588,F2,0.008,0.001,,
2434,10/19/2015,Oct-15,UHE Xingó,Caatinga,12,22.56,17.98,0.09,M,2,0.002,2.222,D1,0.006,0.002,,
2434,10/19/2015,Oct-15,UHE Xingó,Caatinga,13,26.64,20.49,0.13,M,2,0.001,0.769,F2,0.006,0.001,,
2434,10/19/2015,Oct-15,UHE Xingó,Caatinga,14,28.43,22.13,0.19,M,4,0.001,0.526,F3,0.006,0.001,,
2434,10/19/2015,Oct-15,UHE Xingó,Caatinga,15,28.61,22.59,0.22,F,5,0.001,0.455,F2,0.007,0.001,,
2434,10/19/2015,Oct-15,UHE Xingó,Caatinga,16,39.27,30.8,0.46,M,3,0.003,0.652,VZ,,0.002,,
2434,10/19/2015,Oct-15,UHE Xingó,Caatinga,17,27.24,21.17,0.18,F,1,0.001,0.556,F1,0.004,0.001,,
2434,10/19/2015,Oct-15,UHE Xingó,Caatinga,18,33.54,25.72,0.33,F,4,0.003,0.909,F1,0.005,0.002,,
2434,10/19/2015,Oct-15,UHE Xingó,Caatinga,19,24.46,18.59,0.09,M,5,0.001,1.111,VZ,,0.003,,
2434,10/19/2015,Oct-15,UHE Xingó,Caatinga,20,26.42,21.09,0.15,M,2,0.002,1.333,VZ,,0.002,,
2434,10/19/2015,Oct-15,UHE Xingó,Caatinga,21,27.92,21.67,0.16,F,5,0.001,0.625,VZ,,0.001,,
2434,10/19/2015,Oct-15,UHE Xingó,Caatinga,22,29.5,23.97,0.22,F,5,0.001,0.455,F2,0.003,0.004,,
2434,10/19/2015,Oct-15,UHE Xingó,Caatinga,23,26.5,21.1,0.13,M,4,0.002,1.538,F2,0.005,0.002,,
2434,10/19/2015,Oct-15,UHE Xingó,Caatinga,24,27.69,21.65,0.14,M,4,0.001,0.714,F2,0.009,0.005,,
2434,10/19/2015,Oct-15,UHE Xingó,Caatinga,25,28.31,22.57,0.16,F,5,0.001,0.625,F2,0.007,0.007,,
2434,10/19/2015,Oct-15,UHE Xingó,Caatinga,26,27.96,22.85,0.17,F,5,0.001,0.588,VZ,,0.002,,
2434,10/19/2015,Oct-15,UHE Xingó,Caatinga,27,29.62,22.19,0.16,M,5,0.001,0.625,F3,0.004,0.002,,
2434,10/19/2015,Oct-15,UHE Xingó,Caatinga,28,23.5,18.38,0.08,M,1,0.001,1.250,F2,0.003,0.001,F,
2434,10/19/2015,Oct-15,UHE Xingó,Caatinga,29,24.61,19.63,0.11,F,5,0.001,0.909,VZ,,0.001,,
2434,10/19/2015,Oct-15,UHE Xingó,Caatinga,30,33.32,25.95,0.32,F,2,0.017,5.313,VZ,,0.003,,
2434,10/19/2015,Oct-15,UHE Xingó,Caatinga,31,28.69,23.64,0.22,F,5,0.001,0.455,F2,0.007,0.004,,
2434,10/19/2015,Oct-15,UHE Xingó,Caatinga,32,34.96,26.54,0.3,F,3,0.020,6.667,F1,0.006,0.002,,
2434,10/19/2015,Oct-15,UHE Xingó,Caatinga,33,35.55,27.6,0.4,F,2,0.025,6.250,F2,0.013,0.006,,
2434,10/19/2015,Oct-15,UHE Xingó,Caatinga,34,24.51,19.38,0.13,M,4,0.001,0.769,F1,0.011,0.001,,
2434,10/19/2015,Oct-15,UHE Xingó,Caatinga,35,24.55,18.83,0.11,M,1,0.001,0.909,F1,0.004,0.002,,
2434,10/19/2015,Oct-15,UHE Xingó,Caatinga,36,24.77,19.51,0.11,F,5,0.002,1.818,F2,0.004,0.004,,
2434,10/19/2015,Oct-15,UHE Xingó,Caatinga,37,22.91,18.39,0.11,M,1,0.001,0.909,VZ,,0.001,,
2434,10/19/2015,Oct-15,UHE Xingó,Caatinga,38,25.17,24.49,0.14,F,5,0.002,1.429,F2,0.007,0.003,,
2434,10/19/2015,Oct-15,UHE Xingó,Caatinga,39,23.58,19.03,0.11,F,5,0.002,1.818,VZ,,0.001,,
2434,10/19/2015,Oct-15,UHE Xingó,Caatinga,40,21.05,16.78,0.08,M,5,0.001,1.250,F1,0.004,0.002,,
2434,10/19/2015,Oct-15,UHE Xingó,Caatinga,41,22.15,17.58,0.11,M,1,0.001,0.909,F2,0.006,0.001,,
2434,10/19/2015,Oct-15,UHE Xingó,Caatinga,42,26.7,21.14,0.18,M,2,0.001,0.556,VZ,,0.001,,
2434,10/19/2015,Oct-15,UHE Xingó,Caatinga,43,22.76,18.18,0.09,F,1,0.001,1.111,F1,0.003,0.001,,
2434,10/19/2015,Oct-15,UHE Xingó,Caatinga,44,24.98,20.75,0.16,F,5,0.001,0.625,VZ,,0.002,,
2434,10/19/2015,Oct-15,UHE Xingó,Caatinga,45,23.75,18.37,0.1,F,1,0.001,1.000,VZ,,0.001,,
2434,10/19/2015,Oct-15,UHE Xingó,Caatinga,46,22.24,18.18,0.09,F,1,0.001,1.111,F1,0.004,0.002,,
2434,10/19/2015,Oct-15,UHE Xingó,Caatinga,47,22.24,18.71,0.09,F,5,0.002,2.222,VZ,,0.001,,
2434,10/19/2015,Oct-15,UHE Xingó,Caatinga,48,22.01,17.4,0.08,M,1,0.001,1.250,VZ,,0.001,,
2434,10/19/2015,Oct-15,UHE Xingó,Caatinga,49,23.63,18.49,0.12,F,1,0.001,0.833,VZ,,0.001,,
2434,10/19/2015,Oct-15,UHE Xingó,Caatinga,50,26.14,20.9,0.17,M,2,0.001,0.588,F2,0.004,0.002,,
2444,10/20/2015,Oct-15,Niterói,Caatinga,1,34.77,26.67,0.38,F,4,0.006,1.579,F2,0.012,0.003,,
2444,10/20/2015,Oct-15,Niterói,Caatinga,2,32.6,24.58,0.31,M,3,0.004,1.290,F1,0.005,0.002,,
2444,10/20/2015,Oct-15,Niterói,Caatinga,3,30.17,23.73,0.26,F,4,0.007,2.692,F2,0.011,0.003,,
2444,10/20/2015,Oct-15,Niterói,Caatinga,4,33.24,25.45,0.31,M,3,0.004,1.290,VZ,,0.002,,
2444,10/20/2015,Oct-15,Niterói,Caatinga,5,32.63,25.86,0.28,M,3,0.001,0.357,F1,0.003,0.001,,
2444,10/20/2015,Oct-15,Niterói,Caatinga,6,28.28,22.11,0.19,M,4,0.001,0.526,F2,0.005,0.002,,
2444,10/20/2015,Oct-15,Niterói,Caatinga,7,27.22,21.82,0.19,F,5,0.002,1.053,F3,,0.001,,
2444,10/20/2015,Oct-15,Niterói,Caatinga,8,36.9,29.36,0.51,F,3,0.027,5.294,F1,0.009,0.011,,
2444,10/20/2015,Oct-15,Niterói,Caatinga,9,26.9,21.39,0.17,M,4,0.002,1.176,F2,0.004,0.001,,
2444,10/20/2015,Oct-15,Niterói,Caatinga,10,34.17,26.96,0.32,F,5,0.002,0.625,F2,0.005,0.001,,
2444,10/20/2015,Oct-15,Niterói,Caatinga,11,30.83,23.86,0.24,M,2,0.001,0.417,F1,0.003,0.001,,
2444,10/20/2015,Oct-15,Niterói,Caatinga,12,32.22,25.17,0.26,M,3,0.001,0.385,VZ,,0.002,,
2444,10/20/2015,Oct-15,Niterói,Caatinga,13,33.02,24.64,0.32,M,3,0.002,0.625,F2,0.004,0.007,,
2444,10/20/2015,Oct-15,Niterói,Caatinga,14,33.13,26.71,0.38,F,3,0.010,2.632,F2,0.007,0.002,,
2444,10/20/2015,Oct-15,Niterói,Caatinga,15,33.46,26.38,0.32,M,3,0.005,1.563,F3,,0.002,,
2444,10/20/2015,Oct-15,Niterói,Caatinga,16,31.37,24.9,0.25,M,3,0.004,1.600,F2,0.007,0.002,,
2444,10/20/2015,Oct-15,Niterói,Caatinga,17,34.04,26.58,0.35,F,4,0.015,4.286,F2,0.008,0.005,,
2444,10/20/2015,Oct-15,Niterói,Caatinga,18,33.76,26.52,0.29,M,2,0.002,0.690,F1,0.006,0.001,,
2444,10/20/2015,Oct-15,Niterói,Caatinga,19,36.08,28,0.43,M,3,0.005,1.163,VZ,,0.005,,
2444,10/20/2015,Oct-15,Niterói,Caatinga,20,34.08,26.02,0.3,M,3,0.002,0.667,F1,0.006,0.003,,
2444,10/20/2015,Oct-15,Niterói,Caatinga,21,33.89,24.69,0.36,F,3,0.018,5.000,F2,0.080,0.002,F,
2444,10/20/2015,Oct-15,Niterói,Caatinga,22,35.45,27.9,0.41,M,3,0.002,0.488,F3,0.009,0.003,,
2444,10/20/2015,Oct-15,Niterói,Caatinga,23,29.75,22.96,0.25,M,4,0.002,0.800,D2,0.006,0.003,,
2444,10/20/2015,Oct-15,Niterói,Caatinga,24,28.26,21.8,0.19,M,2,0.001,0.526,F1,0.003,0.001,,
2444,10/20/2015,Oct-15,Niterói,Caatinga,25,23.68,18.11,0.09,M,4,0.001,1.111,F3,0.007,0.002,,
2444,10/20/2015,Oct-15,Niterói,Caatinga,26,34.22,26.95,0.32,M,3,0.005,1.563,VZ,,0.003,,
2444,10/20/2015,Oct-15,Niterói,Caatinga,27,28.94,22.95,0.2,M,5,0.001,0.500,F2,0.006,0.003,,
2444,10/20/2015,Oct-15,Niterói,Caatinga,28,28.48,22.33,0.18,F,5,0.002,1.111,F2,0.007,0.003,,
2444,10/20/2015,Oct-15,Niterói,Caatinga,29,33.53,26.2,0.34,M,3,0.003,0.882,F2,0.010,0.008,,
2444,10/20/2015,Oct-15,Niterói,Caatinga,30,29.09,23.33,0.21,M,5,0.001,0.476,F2,0.005,0.004,,
2444,10/20/2015,Oct-15,Niterói,Caatinga,31,31.31,24.38,0.3,F,3,0.035,11.667,F2,0.008,0.003,,
2444,10/20/2015,Oct-15,Niterói,Caatinga,32,33.74,26.5,0.39,F,5,0.005,1.282,F2,0.022,0.003,,
2444,10/20/2015,Oct-15,Niterói,Caatinga,33,30.26,24.69,0.27,M,4,0.001,0.370,F2,0.005,0.003,,
2444,10/20/2015,Oct-15,Niterói,Caatinga,34,32.92,26.36,0.32,F,4,0.014,4.375,VZ,,0.004,,
2444,10/20/2015,Oct-15,Niterói,Caatinga,35,31.95,26.1,0.34,M,3,0.004,1.176,F2,0.006,0.001,,
2444,10/20/2015,Oct-15,Niterói,Caatinga,36,31.34,26.26,0.33,M,2,0.002,0.606,F3,0.006,0.002,,
2444,10/20/2015,Oct-15,Niterói,Caatinga,37,26.61,20.99,0.14,M,4,0.002,1.429,F3,0.006,0.002,,
2444,10/20/2015,Oct-15,Niterói,Caatinga,38,33.42,27.17,0.33,F,4,0.016,4.848,F3,0.012,0.001,,
2444,10/20/2015,Oct-15,Niterói,Caatinga,39,23.08,18.63,0.1,M,4,0.001,1.000,F3,0.004,0.002,,
2444,10/20/2015,Oct-15,Niterói,Caatinga,40,31.28,25.31,0.32,M,3,0.003,0.938,VZ,,0.002,,
2444,10/20/2015,Oct-15,Niterói,Caatinga,41,24.52,19.45,0.13,M,4,0.001,0.769,F2,0.006,0.001,,
2444,10/20/2015,Oct-15,Niterói,Caatinga,42,25.89,20.67,0.14,M,5,0.001,0.714,F2,0.006,0.005,,
2444,10/20/2015,Oct-15,Niterói,Caatinga,43,23.62,19.5,0.12,F,5,0.001,0.833,F2,0.003,0.001,,
2444,10/20/2015,Oct-15,Niterói,Caatinga,44,29.78,24.42,0.29,M,2,0.001,0.345,F2,0.006,0.004,,
2444,10/20/2015,Oct-15,Niterói,Caatinga,45,29.46,23.39,0.22,M,4,0.001,0.455,F2,0.008,0.005,,
2444,10/20/2015,Oct-15,Niterói,Caatinga,46,35.03,29.14,0.47,M,3,0.003,0.638,VZ,,0.003,,
2444,10/20/2015,Oct-15,Niterói,Caatinga,47,34.43,28.86,0.41,F,3,0.035,8.537,VZ,,0.007,,
2444,10/20/2015,Oct-15,Niterói,Caatinga,48,32.24,26.52,0.36,F,2,0.015,4.167,VZ,,0.007,,
2444,10/20/2015,Oct-15,Niterói,Caatinga,49,33.45,27.76,0.39,F,4,0.020,5.128,F2,0.007,0.012,,
2444,10/20/2015,Oct-15,Niterói,Caatinga,50,34.15,27.22,0.41,F,4,0.012,2.927,F1,0.008,0.001,,
,,,,,,,,,,,,,,,,,
,,,,,,,,,,,,,,,,,
,,,,,,,,,,,,,,,,,
,,,,,,,,,,,,,,,,,
,,,,,,,,,,,,,,,,,
,,,,,,,,,,,,,,,,,
,,,,,,,,,,,,,,,,,
,,,,,,,,,,,,,,,,,
,,,,,,,,,,,,,,,,,
,,,,,,,,,,,,,,,,,
,,,,,,,,,,,,,,,,,
,,,,,,,,,,,,,,,,,
,,,,,,,,,,,,,,,,,
,,,,,,,,,,,,,,,,,
,,,,,,,,,,,,,,,,,
,,,,,,,,,,,,,,,,,
,,,,,,,,,,,,,,,,,
,,,,,,,,,,,,,,,,,
,,,,,,,,,,,,,,,,,
,,,,,,,,,,,,,,,,,
,,,,,,,,,,,,,,,,,
,,,,,,,,,,,,,,,,,
,,,,,,,,,,,,,,,,,
,,,,,,,,,,,,,,,,,
,,,,,,,,,,,,,,,,,
,,,,,,,,,,,,,,,,,
,,,,,,,,,,,,,,,,,
,,,,,,,,,,,,,,,,,
,,,,,,,,,,,,,,,,,
,,,,,,,,,,,,,,,,,
,,,,,,,,,,,,,,,,,
,,,,,,,,,,,,,,,,,
,,,,,,,,,,,,,,,,,
,,,,,,,,,,,,,,,,,
,,,,,,,,,,,,,,,,,
,,,,,,,,,,,,,,,,,
,,,,,,,,,,,,,,,,,
,,,,,,,,,,,,,,,,,
,,,,,,,,,,,,,,,,,
,,,,,,,,,,,,,,,,,
,,,,,,,,,,,,,,,,,
,,,,,,,,,,,,,,,,,
,,,,,,,,,,,,,,,,,
,,,,,,,,,,,,,,,,,
,,,,,,,,,,,,,,,,,
,,,,,,,,,,,,,,,,,
,,,,,,,,,,,,,,,,,
,,,,,,,,,,,,,,,,,
,,,,,,,,,,,,,,,,,
,,,,,,,,,,,,,,,,,
,,,,,,,,,,,,,,,,,
,,,,,,,,,,,,,,,,,
,,,,,,,,,,,,,,,,,
,,,,,,,,,,,,,,,,,
,,,,,,,,,,,,,,,,,
,,,,,,,,,,,,,,,,,
,,,,,,,,,,,,,,,,,
,,,,,,,,,,,,,,,,,
,,,,,,,,,,,,,,,,,
,,,,,,,,,,,,,,,,,
,,,,,,,,,,,,,,,,,
,,,,,,,,,,,,,,,,,
,,,,,,,,,,,,,,,,,
,,,,,,,,,,,,,,,,,
,,,,,,,,,,,,,,,,,
,,,,,,,,,,,,,,,,,
,,,,,,,,,,,,,,,,,
,,,,,,,,,,,,,,,,,
,,,,,,,,,,,,,,,,,FEC
,,,,,,,,,,,,,,,,,
,,,,,,,,,,,,,,,,,
,,,,,,,,,,,,,,,,,
,,,,,,,,,,,,,,,,,
,,,,,,,,,,,,,,,,,
,,,,,,,,,,,,,,,,,
,,,,,,,,,,,,,,,,,
,,,,,,,,,,,,,,,,,
,,,,,,,,,,,,,,,,,
,,,,,,,,,,,,,,,,,RASGADO