CIUFS,Data,Campanha,localidade,Bioma,Nº,CT,CP,PT,Sexo,Estádio,PG,IGS,GRE,PE,PF,IHS,Fixado
1766,1/21/2015,Jan-15,Gararu,Mata Atlântica,1,20.62,16.89,0.08,I,1,0.001,1.250,F3,0.005,,E,
1766,1/21/2015,Jan-15,Gararu,Mata Atlântica,2,23.17,18.66,0.13,M,2,0.002,1.538,VZ,,0.002,,
1766,1/21/2015,Jan-15,Gararu,Mata Atlântica,3,25.89,21.07,0.19,M,5,0.001,0.526,F3,0.009,,E,
1766,1/21/2015,Jan-15,Gararu,Mata Atlântica,4,32.84,26.37,0.34,M,4,0.004,1.176,F3,0.007,0.007,E,
1766,1/21/2015,Jan-15,Gararu,Mata Atlântica,5,18.82,15.85,0.07,F,1,0.001,1.429,VZ,,0.004,G/E,
1766,1/21/2015,Jan-15,Gararu,Mata Atlântica,6,24.21,20.74,0.14,F,1,0.001,0.714,,0.006,0.003,G/E,
1766,1/21/2015,Jan-15,Gararu,Mata Atlântica,7,27.36,21.69,0.23,M,5,0.002,0.870,F3,0.019,0.007,E,
1766,1/21/2015,Jan-15,Gararu,Mata Atlântica,8,24.19,19.09,0.15,I,1,0.001,0.667,F1,0.007,0.007,,
1766,1/21/2015,Jan-15,Gararu,Mata Atlântica,9,34.64,28.69,0.53,F,4,0.013,2.453,F2,0.014,0.005,G,
1766,1/21/2015,Jan-15,Gararu,Mata Atlântica,10,18.77,15.69,0.08,I,1,0.001,1.250,F1,0.005,0.004,,
1766,1/21/2015,Jan-15,Gararu,Mata Atlântica,11,33.91,27.22,0.38,F,2,0.007,1.842,F3,0.012,0.007,G/E,
1766,1/21/2015,Jan-15,Gararu,Mata Atlântica,12,21.74,17.75,0.12,M,1,0.001,0.833,F2,0.004,0.003,G/E,
1766,1/21/2015,Jan-15,Gararu,Mata Atlântica,13,34.48,28.18,0.41,F,4,0.008,1.951,F3,0.012,0.009,G/E,
1766,1/21/2015,Jan-15,Gararu,Mata Atlântica,14,27.86,22.75,0.2,I,1,0.001,0.500,F3,0.009,0.003,G/E,
1766,1/21/2015,Jan-15,Gararu,Mata Atlântica,15,38.4,31.56,0.64,F,3,0.049,7.656,F3,0.023,0.008,E,
1766,1/21/2015,Jan-15,Gararu,Mata Atlântica,16,29.67,24.24,0.28,F,5,0.001,0.357,D3,1.011,0.004,E,
1766,1/21/2015,Jan-15,Gararu,Mata Atlântica,17,21.18,17.62,0.12,F,1,0.001,0.833,F3,0.006,0.002,G/E,
1766,1/21/2015,Jan-15,Gararu,Mata Atlântica,18,27.58,22.68,0.23,F,5,0.001,0.435,F2,0.015,0.008,,
1766,1/21/2015,Jan-15,Gararu,Mata Atlântica,19,24.64,19.46,0.14,M,5,0.001,0.714,F1,0.008,0.002,,
1766,1/21/2015,Jan-15,Gararu,Mata Atlântica,20,32.76,24.63,0.35,M,3,0.004,1.143,F3,0.007,0.012,G/E,
1766,1/21/2015,Jan-15,Gararu,Mata Atlântica,21,32.97,27.81,0.4,M,3,0.004,1.000,F2,0.012,0.006,G,
1766,1/21/2015,Jan-15,Gararu,Mata Atlântica,22,28.74,23.06,0.25,F,5,0.001,0.400,F1,0.005,0.003,,
1766,1/21/2015,Jan-15,Gararu,Mata Atlântica,23,27.84,22.09,0.21,F,1,0.001,0.476,F2,0.005,0.002,G/E,
1766,1/21/2015,Jan-15,Gararu,Mata Atlântica,24,34.02,27.22,0.44,F,3,0.033,7.500,F2,0.014,0.008,G/E,
1766,1/21/2015,Jan-15,Gararu,Mata Atlântica,25,16.56,13.14,0.05,I,1,0.001,2.000,F2,0.001,0.001,G/E,
1766,1/21/2015,Jan-15,Gararu,Mata Atlântica,26,31.65,25.63,0.36,F,4,0.008,2.222,F2,0.011,0.006,G/E,
1766,1/21/2015,Jan-15,Gararu,Mata Atlântica,27,26.19,21.78,0.2,F,5,0.001,0.500,F3,0.010,0.004,E,
1766,1/21/2015,Jan-15,Gararu,Mata Atlântica,28,34.61,28.18,0.44,M,3,0.008,1.818,F3,0.008,0.005,E,
1766,1/21/2015,Jan-15,Gararu,Mata Atlântica,29,21.78,18.78,0.13,I,1,0.001,0.769,F1,0.003,0.002,,
1766,1/21/2015,Jan-15,Gararu,Mata Atlântica,30,25.75,21.42,0.22,F,1,0.001,0.455,F2,0.010,0.004,G/E,
1766,1/21/2015,Jan-15,Gararu,Mata Atlântica,31,30.44,25.11,0.3,M,3,0.004,1.333,F3,0.005,0.003,G/E,
1766,1/21/2015,Jan-15,Gararu,Mata Atlântica,32,34.9,28.41,0.49,M,3,0.007,1.429,F3,0.012,0.004,G,
1766,1/21/2015,Jan-15,Gararu,Mata Atlântica,33,25.88,20.86,0.2,F,5,0.001,0.500,F2,0.008,0.004,G,
1766,1/21/2015,Jan-15,Gararu,Mata Atlântica,34,25.82,20.71,0.21,F,5,0.001,0.476,F3,0.017,0.006,E,
1766,1/21/2015,Jan-15,Gararu,Mata Atlântica,35,33.93,26.99,0.39,M,3,0.005,1.282,F2,0.008,0.004,G/E,
1766,1/21/2015,Jan-15,Gararu,Mata Atlântica,36,27.34,22.18,0.2,M,3,0.003,1.500,VZ,,0.004,,
1766,1/21/2015,Jan-15,Gararu,Mata Atlântica,37,21.45,17.55,0.11,I,1,0.001,0.909,F2,0.004,0.004,E,
1766,1/21/2015,Jan-15,Gararu,Mata Atlântica,38,31.74,27.13,0.41,M,3,0.006,1.463,F3,0.010,0.011,E,
1766,1/21/2015,Jan-15,Gararu,Mata Atlântica,39,32.77,27.29,0.4,F,4,0.012,3.000,F3,0.007,0.004,G/E,
1766,1/21/2015,Jan-15,Gararu,Mata Atlântica,40,31.4,24.99,0.28,F,5,0.008,2.857,F2,0.006,0.005,E,
1766,1/21/2015,Jan-15,Gararu,Mata Atlântica,41,22.65,19.18,0.13,F,5,0.001,0.769,F2,0.007,0.003,G/E,
1766,1/21/2015,Jan-15,Gararu,Mata Atlântica,42,30.14,24.8,0.33,M,5,0.001,0.303,D3,0.016,0.009,,
1766,1/21/2015,Jan-15,Gararu,Mata Atlântica,43,29.15,23.47,0.23,F,5,0.001,0.435,F2,0.012,,E,
1766,1/21/2015,Jan-15,Gararu,Mata Atlântica,44,31.37,25.93,0.35,F,5,0.001,0.286,F2,0.007,0.003,,
1766,1/21/2015,Jan-15,Gararu,Mata Atlântica,45,33.19,26.9,0.41,F,3,0.043,10.488,F3,0.018,0.006,G/E,
1766,1/21/2015,Jan-15,Gararu,Mata Atlântica,46,21.78,17.7,0.1,F,5,0.001,1.000,F2,0.004,0.003,E,
1766,1/21/2015,Jan-15,Gararu,Mata Atlântica,47,28.64,22.87,0.24,M,5,0.001,0.417,F1,0.003,0.002,,
1766,1/21/2015,Jan-15,Gararu,Mata Atlântica,48,26.09,20.86,0.15,F,5,0.001,0.667,F2,,,,
1766,1/21/2015,Jan-15,Gararu,Mata Atlântica,49,35.21,28.58,0.41,F,5,0.001,0.244,D1,0.005,0.008,,
1766,1/21/2015,Jan-15,Gararu,Mata Atlântica,50,25.93,20.96,0.18,M,5,0.001,0.556,F2,0.004,0.006,,
1771,1/21/2015,Jan-15,Amparo do São Francisco,Mata Atlântica,1,38.76,30.25,0.61,F,2,0.0041,0.672,F3,0.032,0.015,2.46,G/E
1771,1/21/2015,Jan-15,Amparo do São Francisco,Mata Atlântica,2,31.54,25.73,0.31,F,5,0.001,0.323,F3,0.018,0.002,0.65,E
1771,1/21/2015,Jan-15,Amparo do São Francisco,Mata Atlântica,3,28.09,22.61,0.2,F,5,0.001,0.500,F3,0.012,0.004,2.00,E
1771,1/21/2015,Jan-15,Amparo do São Francisco,Mata Atlântica,4,28.17,23.14,0.28,F,5,0.001,0.357,F3,0.013,0.008,2.86,G/E
1771,1/21/2015,Jan-15,Amparo do São Francisco,Mata Atlântica,5,34.45,28.06,0.43,f,5,0.001,0.233,D2,,0.005,1.16,E
1771,1/21/2015,Jan-15,Amparo do São Francisco,Mata Atlântica,6,30.32,25.68,0.37,M,3,0.005,1.351,F3,0.020,0.007,1.89,G/E
1771,1/21/2015,Jan-15,Amparo do São Francisco,Mata Atlântica,7,27.77,22.43,0.2,M,5,0.001,0.500,VZ,,0.005,2.50,G
1771,1/21/2015,Jan-15,Amparo do São Francisco,Mata Atlântica,8,34.23,28.28,0.51,F,3,0.035,6.863,F3,0.012,0.003,0.59,F/E
1771,1/21/2015,Jan-15,Amparo do São Francisco,Mata Atlântica,9,23.26,19.16,0.12,I,1,0.001,0.833,VZ,,0.005,4.17,
1771,1/21/2015,Jan-15,Amparo do São Francisco,Mata Atlântica,10,30,24.15,0.27,M,4,0.002,0.741,F3,0.004,0.003,1.11,G/E
1771,1/21/2015,Jan-15,Amparo do São Francisco,Mata Atlântica,11,28.71,24.11,0.23,F,5,0.003,1.304,F3,0.016,0.002,0.87,E
1771,1/21/2015,Jan-15,Amparo do São Francisco,Mata Atlântica,12,33.44,27.38,0.4,M,3,0.005,1.250,F3,0.011,0.003,0.75,G/E
1771,1/21/2015,Jan-15,Amparo do São Francisco,Mata Atlântica,13,30.04,23.45,0.26,F,5,0.004,1.538,F3,0.012,0.011,4.23,E
1771,1/21/2015,Jan-15,Amparo do São Francisco,Mata Atlântica,14,22.54,18.41,0.13,F,1,0.001,0.769,F3,0.008,0.007,5.38,E
1771,1/21/2015,Jan-15,Amparo do São Francisco,Mata Atlântica,15,26.2,21.29,0.17,M,3,0.003,1.765,VZ,,0.005,2.94,G
1771,1/21/2015,Jan-15,Amparo do São Francisco,Mata Atlântica,16,28.59,23.17,0.25,F,5,0.001,0.400,D2,0.01,0.003,1.20,
1771,1/21/2015,Jan-15,Amparo do São Francisco,Mata Atlântica,17,34.72,27.95,0.51,F,3,0.041,8.039,F3,0.028,0.007,1.37,F/E
1771,1/21/2015,Jan-15,Amparo do São Francisco,Mata Atlântica,18,30.46,25.56,0.27,F,5,0.003,1.111,F2,0.007,0.005,1.85,E
1771,1/21/2015,Jan-15,Amparo do São Francisco,Mata Atlântica,19,21.74,17.9,0.11,F,1,0.001,0.909,D1,0.008,0.001,0.91,
1771,1/21/2015,Jan-15,Amparo do São Francisco,Mata Atlântica,20,26.49,21.29,0.17,M,5,0.001,0.588,F3,0.011,0.003,1.76,E
1771,1/21/2015,Jan-15,Amparo do São Francisco,Mata Atlântica,21,23.68,19.85,0.13,M,1,0.001,0.769,F3,0.004,0.004,3.08,E
1771,1/21/2015,Jan-15,Amparo do São Francisco,Mata Atlântica,22,28.33,23.17,0.26,M,3,0.003,1.154,F1,0.01,0.009,3.46,
1771,1/21/2015,Jan-15,Amparo do São Francisco,Mata Atlântica,23,33.04,26.4,0.42,M,5,0.002,0.476,F3,0.008,0.004,0.95,E
1771,1/21/2015,Jan-15,Amparo do São Francisco,Mata Atlântica,24,30.74,25.65,0.33,M,3,0.004,1.212,F3,0.017,0.005,1.52,G/E
1771,1/21/2015,Jan-15,Amparo do São Francisco,Mata Atlântica,25,27.04,22.65,0.025,F,5,0.001,4.000,F3,0.021,0.003,12.00,
1771,1/21/2015,Jan-15,Amparo do São Francisco,Mata Atlântica,26,25.66,20.03,0.16,M,1,0.001,0.625,F3,0.015,0.003,1.88,E
1771,1/21/2015,Jan-15,Amparo do São Francisco,Mata Atlântica,27,36.23,29.26,0.56,F,2,0.022,3.929,F3,0.023,0.008,1.43,G/E
1771,1/21/2015,Jan-15,Amparo do São Francisco,Mata Atlântica,28,24.21,19.75,0.15,M,1,0.001,0.667,F3,0.006,0.002,1.33,G/E
1771,1/21/2015,Jan-15,Amparo do São Francisco,Mata Atlântica,29,33.55,27.47,0.5,F,5,0.001,0.200,D2,0.018,,0.00,
1771,1/21/2015,Jan-15,Amparo do São Francisco,Mata Atlântica,30,31.15,24.78,0.34,F,5,0.001,0.294,D2,0.017,0.004,1.18,G/E
1771,1/21/2015,Jan-15,Amparo do São Francisco,Mata Atlântica,31,31.05,25.62,0.29,F,5,0.001,0.345,VZ,,0.006,2.07,G
1771,1/21/2015,Jan-15,Amparo do São Francisco,Mata Atlântica,32,31.91,24.96,0.37,F,4,0.013,3.514,D1,0.002,0.008,2.16,G
1771,1/21/2015,Jan-15,Amparo do São Francisco,Mata Atlântica,33,24.5,20.02,0.14,F,1,0.001,0.714,F3,0.005,0.002,1.43,E
1771,1/21/2015,Jan-15,Amparo do São Francisco,Mata Atlântica,34,32.92,26.72,0.35,M,2,0.002,0.571,F3,0.02,0.004,1.14,G/E
1771,1/21/2015,Jan-15,Amparo do São Francisco,Mata Atlântica,35,30.45,24.28,0.29,F,4,0.006,2.069,F2,0.009,0.014,4.83,
1771,1/21/2015,Jan-15,Amparo do São Francisco,Mata Atlântica,36,34.26,27.76,0.39,M,5,0.001,0.256,F3,0.017,0.009,2.31,G
1771,1/21/2015,Jan-15,Amparo do São Francisco,Mata Atlântica,37,30.32,24.09,0.29,M,3,0.007,2.414,F3,0.013,0.008,2.76,G/E
1771,1/21/2015,Jan-15,Amparo do São Francisco,Mata Atlântica,38,18.59,15.76,0.08,I,1,0.001,1.250,VZ,,0.002,2.50,
1771,1/21/2015,Jan-15,Amparo do São Francisco,Mata Atlântica,39,35.62,28.29,0.44,F,4,0.004,0.909,F3,0.023,0.004,0.91,G
1771,1/21/2015,Jan-15,Amparo do São Francisco,Mata Atlântica,40,27.75,22.4,0.25,M,5,0.001,0.400,VZ,,0.004,1.60,
1771,1/21/2015,Jan-15,Amparo do São Francisco,Mata Atlântica,41,25.38,20.97,0.13,F,1,0.001,0.769,F2,0.011,0.002,1.54,G/E
1771,1/21/2015,Jan-15,Amparo do São Francisco,Mata Atlântica,42,26.83,22.09,0.18,F,5,0.001,0.556,F3,0.012,0.01,5.56,E
1771,1/21/2015,Jan-15,Amparo do São Francisco,Mata Atlântica,43,19.22,15.98,0.07,F,1,0.001,1.429,VZ,,0.001,1.43,G
1771,1/21/2015,Jan-15,Amparo do São Francisco,Mata Atlântica,44,34.35,27.76,0.43,F,4,0.022,5.116,VZ,,0.012,2.79,
1771,1/21/2015,Jan-15,Amparo do São Francisco,Mata Atlântica,45,27.87,22.82,0.19,M,1,0.001,0.526,D1,0.004,0.005,2.63,
1771,1/21/2015,Jan-15,Amparo do São Francisco,Mata Atlântica,46,25.1,20.9,0.14,M,5,0.001,0.714,F3,0.006,0.001,0.71,
1771,1/21/2015,Jan-15,Amparo do São Francisco,Mata Atlântica,47,20.19,16.38,0.007,I,1,0.001,14.286,F3,0.008,0.005,71.43,
1771,1/21/2015,Jan-15,Amparo do São Francisco,Mata Atlântica,48,26.11,22,0.18,F,5,0.002,1.111,VZ,,0.004,2.22,
1771,1/21/2015,Jan-15,Amparo do São Francisco,Mata Atlântica,49,31.12,26.11,0.34,F,5,0.001,0.294,F3,0.012,0.003,0.88,E
1771,1/21/2015,Jan-15,Amparo do São Francisco,Mata Atlântica,50,28.23,23.08,0.26,F,5,0.001,0.385,F3,0.015,0.007,2.69,E
1787,1/21/2015,Jan-15,Propriá,Mata Atlântica,1,32.12,25.93,0.38,M,3,0.005,1.316,D2,0.025,0.012,3.16,F
1787,1/21/2015,Jan-15,Propriá,Mata Atlântica,2,27.77,23.19,0.26,F,5,0.001,0.385,D2,0.02,0.012,4.62,
1787,1/21/2015,Jan-15,Propriá,Mata Atlântica,3,30.94,25.18,0.43,F,2,0.017,3.953,F3,0.022,0.006,1.40,
1787,1/21/2015,Jan-15,Propriá,Mata Atlântica,4,31.87,25.91,0.39,M,2,0.001,0.256,F3,0.016,0.003,0.77,F
1787,1/21/2015,Jan-15,Propriá,Mata Atlântica,5,34.37,28.03,0.61,F,4,0.001,0.164,F3,0.042,0.007,1.15,F
1787,1/21/2015,Jan-15,Propriá,Mata Atlântica,6,32.57,26.34,0.44,F,2,0.009,2.045,F3,0.03,0.007,1.59,F
1787,1/21/2015,Jan-15,Propriá,Mata Atlântica,7,33.37,27.1,0.5,F,3,0.037,7.400,F3,0.023,0.006,1.20,F
1787,1/21/2015,Jan-15,Propriá,Mata Atlântica,8,32.81,26.88,0.39,F,4,0.012,3.077,F3,0.016,0.007,1.79,F
1787,1/21/2015,Jan-15,Propriá,Mata Atlântica,9,31.25,25.24,0.32,F,4,0.009,2.813,F3,0.013,0.017,5.31,F
1787,1/21/2015,Jan-15,Propriá,Mata Atlântica,10,35.22,28.43,0.53,F,2,0.009,1.698,F3,0.011,0.006,1.13,F
1787,1/21/2015,Jan-15,Propriá,Mata Atlântica,11,17.06,13.93,0.06,M,1,0.001,1.667,F3,0.004,0.002,3.33,F
1787,1/21/2015,Jan-15,Propriá,Mata Atlântica,12,19.73,17.31,0.11,F,1,0.001,0.909,VZ,0,0.003,2.73,F
1787,1/21/2015,Jan-15,Propriá,Mata Atlântica,13,18.64,14.85,0.09,M,1,0.001,1.111,F3,0.003,0.003,3.33,F
1787,1/21/2015,Jan-15,Propriá,Mata Atlântica,14,19.61,17.28,0.14,M,1,0.001,0.714,F2,0.007,0.002,1.43,
1787,1/21/2015,Jan-15,Propriá,Mata Atlântica,15,24.59,21.44,0.26,M,5,0.001,0.385,F2,0.017,0.002,0.77,F
1787,1/21/2015,Jan-15,Propriá,Mata Atlântica,16,21.76,23.84,0.35,F,4,0.003,0.857,VZ,0,0.001,0.29,
1787,1/21/2015,Jan-15,Propriá,Mata Atlântica,17,22.77,18.52,0.2,M,1,0.001,0.500,F3,0.009,0.004,2.00,
1787,1/21/2015,Jan-15,Propriá,Mata Atlântica,18,29.57,24.39,0.45,F,4,0.010,2.222,F3,0.026,0.008,1.78,
1787,1/21/2015,Jan-15,Propriá,Mata Atlântica,19,30.39,24.17,0.45,M,3,0.004,0.889,F3,0.014,0.03,6.67,F
1787,1/21/2015,Jan-15,Propriá,Mata Atlântica,20,,25.27,0.43,M,4,0.001,0.233,F3,0.009,0.003,0.70,
1787,1/21/2015,Jan-15,Propriá,Mata Atlântica,21,,19.27,0.28,M,1,0.001,0.357,F3,0.014,0.002,0.71,
1787,1/21/2015,Jan-15,Propriá,Mata Atlântica,22,28.88,24.63,0.46,F,2,0.012,2.609,F3,0.006,0.004,0.87,
1787,1/21/2015,Jan-15,Propriá,Mata Atlântica,23,32.87,25.97,0.47,F,3,0.034,7.234,F3,0.021,0.007,1.49,F
1787,1/21/2015,Jan-15,Propriá,Mata Atlântica,24,31.79,25.46,0.45,F,3,0.015,3.333,VZ,0,0.004,0.89,F
1787,1/21/2015,Jan-15,Propriá,Mata Atlântica,25,33,27.38,0.58,F,3,0.028,4.828,F3,0.02,0.006,1.03,F
1787,1/21/2015,Jan-15,Propriá,Mata Atlântica,26,25.13,19.46,0.15,I,1,0.001,0.667,F2,0.004,0.001,0.67,
1787,1/21/2015,Jan-15,Propriá,Mata Atlântica,27,29.22,23.17,0.28,F,3,0.020,7.143,F3,0.011,0.002,0.71,F
1787,1/21/2015,Jan-15,Propriá,Mata Atlântica,28,20.8,16.98,0.09,I,1,0.001,1.111,F2,0.008,0.001,1.11,
1787,1/21/2015,Jan-15,Propriá,Mata Atlântica,29,22.64,18.56,0.12,F,1,0.001,0.833,F3,0.001,0.001,0.83,F
1787,1/21/2015,Jan-15,Propriá,Mata Atlântica,30,,14.87,0.06,I,1,0.001,1.667,F3,0.004,0.005,8.33,
1787,1/21/2015,Jan-15,Propriá,Mata Atlântica,31,32.86,27.1,0.44,F,2,0.022,5.000,F3,0.022,0.006,1.36,F
1787,1/21/2015,Jan-15,Propriá,Mata Atlântica,32,22.68,19.47,0.15,I,1,0.001,0.667,F3,0.005,0.003,2.00,F
1787,1/21/2015,Jan-15,Propriá,Mata Atlântica,33,34.29,28.06,0.51,F,3,0.026,5.098,F2,0.009,0.004,0.78,F
1787,1/21/2015,Jan-15,Propriá,Mata Atlântica,34,26.15,21.85,0.21,F,5,0.001,0.476,F3,0.01,0.006,2.86,F
1787,1/21/2015,Jan-15,Propriá,Mata Atlântica,35,31.79,25.25,0.4,M,2,0.001,0.250,F2,0.011,0.001,0.25,F
1787,1/21/2015,Jan-15,Propriá,Mata Atlântica,36,24.74,20.25,0.2,F,1,0.001,0.500,F3,0.01,0.003,1.50,F
1787,1/21/2015,Jan-15,Propriá,Mata Atlântica,37,30.09,24.96,0.38,F,2,0.023,6.053,F3,0.026,0.004,1.05,F
1787,1/21/2015,Jan-15,Propriá,Mata Atlântica,38,27.06,21.26,0.25,F,5,0.001,0.400,F1,0.007,0.003,1.20,
1787,1/21/2015,Jan-15,Propriá,Mata Atlântica,39,28.38,22.73,0.28,F,5,0.001,0.357,F3,0.012,0.005,1.79,
1787,1/21/2015,Jan-15,Propriá,Mata Atlântica,40,37.03,29.73,0.59,F,3,0.023,3.898,F2,0.021,0.005,0.85,F
1787,1/21/2015,Jan-15,Propriá,Mata Atlântica,41,34.91,28.78,0.46,F,4,0.018,3.913,F3,0.016,0.015,3.26,
1787,1/21/2015,Jan-15,Propriá,Mata Atlântica,42,30.6,25.09,0.33,F,3,0.019,5.758,VZ,,0.003,0.91,F
1787,1/21/2015,Jan-15,Propriá,Mata Atlântica,43,29.79,24.67,0.34,F,4,0.009,2.647,D2,0.006,0.006,1.76,
1787,1/21/2015,Jan-15,Propriá,Mata Atlântica,44,31.15,25.3,0.28,M,3,0.004,1.429,F2,0.014,0.004,1.43,F
1787,1/21/2015,Jan-15,Propriá,Mata Atlântica,45,31.39,26.47,0.39,F,2,0.013,3.333,F3,0.016,0.009,2.31,F
1787,1/21/2015,Jan-15,Propriá,Mata Atlântica,46,27.47,23.64,0.26,F,5,0.003,1.154,F3,0.014,0.003,1.15,F
1787,1/21/2015,Jan-15,Propriá,Mata Atlântica,47,31.75,25.67,0.38,F,5,0.007,1.842,VZ,,0.003,0.79,F
1787,1/21/2015,Jan-15,Propriá,Mata Atlântica,48,30.46,24.54,0.29,F,5,0.004,1.379,F2,0.01,0.005,1.72,
1787,1/21/2015,Jan-15,Propriá,Mata Atlântica,49,30.99,25.52,0.33,M,4,0.004,1.212,F3,0.01,0.005,1.52,F
1787,1/21/2015,Jan-15,Propriá,Mata Atlântica,50,,26.1,0.4,F,2,0.025,6.250,F3,0.027,0.009,2.25,F
1836,1/21/2015,Jan-15,"Santana do São Francisco, Povoado Saúde",Mata Atlântica,1,18.1,14.02,0.05,F,1,0.001,2.000,VZ,,0.002,4.00,
1836,1/21/2015,Jan-15,"Santana do São Francisco, Povoado Saúde",Mata Atlântica,2,15.34,12.04,0.02,I,1,0.001,5.000,VZ,,0.001,5.00,
1836,1/21/2015,Jan-15,"Santana do São Francisco, Povoado Saúde",Mata Atlântica,3,18.13,13.83,0.05,F,1,0.001,2.000,F1,0.002,0.003,6.00,
2001,4/15/2015,Apr-15,Propriá,Mata Atlântica,1,31.74,25.86,0.35,F,5,0.001,0.286,F3,0.008,0.006,1.71,E
2001,4/15/2015,Apr-15,Propriá,Mata Atlântica,2,35.25,28.76,0.46,F,2,0.02,4.348,D1,0.009,0.004,0.87,
2001,4/15/2015,Apr-15,Propriá,Mata Atlântica,3,28.39,23.33,0.26,M,3,0.008,3.077,F2,0.005,0.004,1.54,E
2001,4/15/2015,Apr-15,Propriá,Mata Atlântica,4,32.95,25.75,0.42,F,3,0.045,10.714,F3,0.012,0.006,1.43,F
2001,4/15/2015,Apr-15,Propriá,Mata Atlântica,5,32.4,26.55,0.38,M,4,0.001,0.263,F3,0.009,0.002,0.53,E
2001,4/15/2015,Apr-15,Propriá,Mata Atlântica,6,31.59,25.94,0.35,F,5,0.001,0.286,F2,0.01,0.003,0.86,G
2001,4/15/2015,Apr-15,Propriá,Mata Atlântica,7,32.61,26.87,0.42,F,2,0.019,4.524,F3,0.016,0.01,2.38,G
2001,4/15/2015,Apr-15,Propriá,Mata Atlântica,8,30.95,25.49,0.34,F,5,0.001,0.294,F3,0.009,0.001,0.29,
2001,4/15/2015,Apr-15,Propriá,Mata Atlântica,9,31.34,26.14,0.33,F,2,0.013,3.939,F3,0.011,0.004,1.21,G
2001,4/15/2015,Apr-15,Propriá,Mata Atlântica,10,32.15,26.12,0.36,F,4,0.005,1.389,F3,0.012,0.011,3.06,E
2001,4/15/2015,Apr-15,Propriá,Mata Atlântica,11,31.84,25.74,0.31,M,3,0.004,1.290,D1,0.006,0.009,2.90,G
2001,4/15/2015,Apr-15,Propriá,Mata Atlântica,12,31.71,26.28,0.35,F,4,0.011,3.143,F2,0.004,0.014,4.00,G/E
2001,4/15/2015,Apr-15,Propriá,Mata Atlântica,13,29.53,24.23,0.25,F,4,0.004,1.600,F2,0.05,0.004,1.60,E
2001,4/15/2015,Apr-15,Propriá,Mata Atlântica,14,27.33,22.01,0.21,M,3,0.004,1.905,F3,0.011,0.003,1.43,
2001,4/15/2015,Apr-15,Propriá,Mata Atlântica,15,29.51,23.64,0.28,F,3,0.021,7.500,D2,0.009,0.007,2.50,
2001,4/15/2015,Apr-15,Propriá,Mata Atlântica,16,32.18,25.18,0.29,M,3,0.004,1.379,D1,0.006,0.002,0.69,G
2001,4/15/2015,Apr-15,Propriá,Mata Atlântica,17,28.91,23.1,0.22,F,4,0.008,3.636,F2,0.011,0.02,9.09,G/E
2001,4/15/2015,Apr-15,Propriá,Mata Atlântica,18,30.97,25.02,0.29,F,4,0.014,4.828,D2,0.007,0.005,1.72,G/E
2001,4/15/2015,Apr-15,Propriá,Mata Atlântica,19,34.44,27.43,0.43,F,2,0.024,5.581,D2,,0.08,18.60,
2001,4/15/2015,Apr-15,Propriá,Mata Atlântica,20,34.17,26.38,0.411,F,3,0.026,6.326,D3,0.015,0.009,2.19,FEC
2001,4/15/2015,Apr-15,Propriá,Mata Atlântica,21,35.12,25.88,0.49,F,3,0.048,9.796,D2,,0.008,1.63,FEC
2001,4/15/2015,Apr-15,Propriá,Mata Atlântica,22,31.51,24.8,0.308,M,2,0.002,0.649,VZ,,0.007,2.27,G
2001,4/15/2015,Apr-15,Propriá,Mata Atlântica,23,29.64,24.41,0.231,F,4,0.004,1.732,VZ,,0.003,1.30,
2001,4/15/2015,Apr-15,Propriá,Mata Atlântica,24,25.62,20,0.14,I,1,0.001,0.714,F1,0.006,0.003,2.14,G
2001,4/15/2015,Apr-15,Propriá,Mata Atlântica,25,31.53,26.11,0.3,M,5,0.001,0.333,D2,0.009,0.011,3.67,
2001,4/15/2015,Apr-15,Propriá,Mata Atlântica,26,33.63,26.58,0.39,F,2,0.009,2.308,F2,0.007,0.004,1.03,G
2001,4/15/2015,Apr-15,Propriá,Mata Atlântica,27,30.16,23.5,0.3,M,5,0.001,0.333,F2,0.007,,0.00,
2001,4/15/2015,Apr-15,Propriá,Mata Atlântica,28,36.35,29.73,0.53,F,4,0.025,4.717,D1,0.008,0.006,1.13,G
2001,4/15/2015,Apr-15,Propriá,Mata Atlântica,29,31.68,25.2,0.39,M,2,0.002,0.513,VZ,,0.002,0.51,G
2001,4/15/2015,Apr-15,Propriá,Mata Atlântica,30,29.62,24.61,0.52,F,3,0.05,9.615,D2,0.015,0.005,0.96,G
2001,4/15/2015,Apr-15,Propriá,Mata Atlântica,31,30.55,24.25,0.34,M,3,0.006,1.765,D1,0.011,0.005,1.47,G
2001,4/15/2015,Apr-15,Propriá,Mata Atlântica,32,28.99,23.34,0.35,M,3,0.004,1.143,VZ,,0.006,1.71,G
2001,4/15/2015,Apr-15,Propriá,Mata Atlântica,33,30.37,24.03,0.34,F,4,0.002,0.588,VZ,,0.004,1.18,G
2001,4/15/2015,Apr-15,Propriá,Mata Atlântica,34,31.71,27.28,0.43,M,4,0.004,0.930,F3,0.008,0.003,0.70,
2001,4/15/2015,Apr-15,Propriá,Mata Atlântica,35,35.74,27.78,0.58,F,3,0.04,6.897,F3,0.012,0.007,1.21,FEC
2001,4/15/2015,Apr-15,Propriá,Mata Atlântica,36,26.02,20.97,0.25,F,1,0.002,0.800,D2,0.006,0.004,1.60,G
2001,4/15/2015,Apr-15,Propriá,Mata Atlântica,37,32.46,25.12,0.39,M,2,0.003,0.769,D1,0.002,0.003,0.77,G
2001,4/15/2015,Apr-15,Propriá,Mata Atlântica,38,33.24,26.05,0.32,M,4,0.002,0.625,D1,0.002,0.001,0.31,G
2001,4/15/2015,Apr-15,Propriá,Mata Atlântica,39,30.11,26.28,0.43,F,2,0.011,2.558,D2,0.005,0.008,1.86,
2001,4/15/2015,Apr-15,Propriá,Mata Atlântica,40,29.92,25.38,0.36,M,3,0.004,1.111,VZ,,0.002,0.56,G
2001,4/15/2015,Apr-15,Propriá,Mata Atlântica,41,29.78,24.46,0.36,M,4,0.001,0.278,D2,0.012,0.003,0.83,G
2001,4/15/2015,Apr-15,Propriá,Mata Atlântica,42,29.67,24.82,0.29,F,4,0.021,7.241,F2,0.016,0.005,1.72,
2001,4/15/2015,Apr-15,Propriá,Mata Atlântica,43,29.03,22.34,0.25,M,4,0.004,1.600,F3,0.011,0.005,2.00,G
2001,4/15/2015,Apr-15,Propriá,Mata Atlântica,44,28.66,23.04,0.3,M,4,0.001,0.333,D2,0.006,0.002,0.67,G
2001,4/15/2015,Apr-15,Propriá,Mata Atlântica,45,28.05,23.11,0.28,M,4,0.001,0.357,F3,0.015,0.003,1.07,
2001,4/15/2015,Apr-15,Propriá,Mata Atlântica,46,33.31,28.15,0.45,F,2,0.033,7.333,F3,0.012,0.006,1.33,G
2001,4/15/2015,Apr-15,Propriá,Mata Atlântica,47,31.18,24.94,0.32,f,4,0.007,2.188,F3,0.009,0.003,0.94,
2001,4/15/2015,Apr-15,Propriá,Mata Atlântica,48,31.27,26.33,0.36,M,2,0.003,0.833,D2,0.01,0.01,2.78,G
2001,4/15/2015,Apr-15,Propriá,Mata Atlântica,49,31.95,25.16,0.31,F,5,0.001,0.323,F3,0.016,0.004,1.29,G
2001,4/15/2015,Apr-15,Propriá,Mata Atlântica,50,29.69,24.03,0.26,M,3,0.005,1.923,F2,0.006,0.002,0.77,G
2025,4/15/2015,Apr-15,Gararu,Mata Atlântica,1,35.25,28.8,0.53,M,3,0.008,1.509,F3,0.014,0.007,G/E,
2025,4/15/2015,Apr-15,Gararu,Mata Atlântica,2,35.24,28.95,0.51,M,4,0.002,0.392,VZ,,0.008,G,
2025,4/15/2015,Apr-15,Gararu,Mata Atlântica,3,33.82,26.99,0.46,M,3,0.006,1.304,F3,0.011,0.010,G/E,
2025,4/15/2015,Apr-15,Gararu,Mata Atlântica,4,31.92,26.05,0.35,M,3,0.007,2.000,F3,0.017,0.004,,
2025,4/15/2015,Apr-15,Gararu,Mata Atlântica,5,31.97,25.88,0.36,F,4,0.005,1.389,VZ,,0.008,,
2025,4/15/2015,Apr-15,Gararu,Mata Atlântica,6,23.3,19.56,0.14,F,1,0.001,0.714,F2,0.005,0.004,E,
2025,4/15/2015,Apr-15,Gararu,Mata Atlântica,7,34.64,28.2,0.53,M,3,0.008,1.509,F2,0.005,0.003,G/E,
2025,4/15/2015,Apr-15,Gararu,Mata Atlântica,8,36.14,28.89,0.54,M,3,0.012,2.222,F2,0.009,0.003,G/E,
2025,4/15/2015,Apr-15,Gararu,Mata Atlântica,9,28.23,22.4,0.26,F,1,0.001,0.385,F3,0.011,0.004,G/E,
2025,4/15/2015,Apr-15,Gararu,Mata Atlântica,10,37.6,30.37,0.82,F,3,0.053,6.463,VZ,,0.007,G,
2025,4/15/2015,Apr-15,Gararu,Mata Atlântica,11,30.8,24.74,0.32,M,5,0.002,0.625,F3,0.018,0.010,G/E,
2025,4/15/2015,Apr-15,Gararu,Mata Atlântica,12,36.95,28.25,0.63,M,3,0.010,1.587,F3,0.022,0.014,G/E,
2025,4/15/2015,Apr-15,Gararu,Mata Atlântica,13,31.29,25.32,0.34,M,4,0.004,1.176,F3,0.012,0.003,G/E,
2025,4/15/2015,Apr-15,Gararu,Mata Atlântica,14,34.44,28.13,0.47,M,5,0.003,0.638,F3,0.018,0.012,E,
2025,4/15/2015,Apr-15,Gararu,Mata Atlântica,15,35.41,28.6,0.55,F,3,0.024,4.364,F3,0.014,0.010,G/E,
2025,4/15/2015,Apr-15,Gararu,Mata Atlântica,16,32.07,26.04,0.59,M,3,0.006,1.017,F2,0.008,0.008,E,
2025,4/15/2015,Apr-15,Gararu,Mata Atlântica,17,35.96,26.85,0.36,M,4,0.002,0.556,F3,0.010,0.006,G/E,
2025,4/15/2015,Apr-15,Gararu,Mata Atlântica,18,34.11,27.58,0.52,M,4,0.006,1.154,F2,0.022,0.003,G/E,
2025,4/15/2015,Apr-15,Gararu,Mata Atlântica,19,34.03,27.94,0.49,F,3,0.039,7.959,F2,0.011,0.004,F/E,
2025,4/15/2015,Apr-15,Gararu,Mata Atlântica,20,36.47,28.79,0.56,M,3,0.004,0.714,F2,0.005,0.006,E,
2025,4/15/2015,Apr-15,Gararu,Mata Atlântica,21,37.03,30.72,0.62,M,3,0.010,1.613,F3,0.013,0.012,G/E,
2025,4/15/2015,Apr-15,Gararu,Mata Atlântica,22,34.59,28.35,0.61,M,4,0.005,0.820,F3,0.023,0.004,G,
2025,4/15/2015,Apr-15,Gararu,Mata Atlântica,23,24.06,19.71,0.15,I,1,0.001,0.667,VZ,,0.004,,
2025,4/15/2015,Apr-15,Gararu,Mata Atlântica,24,29.53,24.53,0.36,M,3,0.004,1.111,F3,0.013,0.002,E,
2025,4/15/2015,Apr-15,Gararu,Mata Atlântica,25,33.04,26.47,0.45,M,3,0.006,1.333,F2,0.013,0.007,G/E,
2025,4/15/2015,Apr-15,Gararu,Mata Atlântica,26,33.76,26.68,0.49,M,3,0.006,1.224,D2,0.014,0.008,G,
2025,4/15/2015,Apr-15,Gararu,Mata Atlântica,27,37.91,30.86,0.72,F,3,0.055,7.639,D1,0.005,0.007,F,
2025,4/15/2015,Apr-15,Gararu,Mata Atlântica,28,28.12,22.98,0.24,M,2,0.002,0.833,D1,0.004,0.003,G,
2025,4/15/2015,Apr-15,Gararu,Mata Atlântica,29,25.07,20.56,0.16,M,4,0.002,1.250,F2,0.005,0.003,G/E,
2025,4/15/2015,Apr-15,Gararu,Mata Atlântica,30,34.84,26.79,0.45,M,3,0.008,1.778,VZ,,0.006,G,
2025,4/15/2015,Apr-15,Gararu,Mata Atlântica,31,36.13,29,0.64,F,3,0.080,12.500,F2,0.035,0.010,F/E,
2025,4/15/2015,Apr-15,Gararu,Mata Atlântica,32,37.58,29.59,0.65,F,4,0.025,3.846,VZ,,,G,
2025,4/15/2015,Apr-15,Gararu,Mata Atlântica,33,34.27,26.87,0.48,M,2,0.003,0.625,F2,0.015,0.004,,
2025,4/15/2015,Apr-15,Gararu,Mata Atlântica,34,24.36,19.82,0.15,I,1,0.001,0.667,VZ,,0.003,G,
2025,4/15/2015,Apr-15,Gararu,Mata Atlântica,35,38.75,30.4,0.61,M,4,0.007,1.148,D3,0.018,0.007,G,
2025,4/15/2015,Apr-15,Gararu,Mata Atlântica,36,23.54,19.05,0.15,M,1,0.001,0.667,F2,0.007,0.004,G/E,
2025,4/15/2015,Apr-15,Gararu,Mata Atlântica,37,31.61,25.23,0.33,M,4,0.004,1.212,F2,0.010,0.004,G/E,
2025,4/15/2015,Apr-15,Gararu,Mata Atlântica,38,30.26,24.59,0.38,M,5,0.002,0.526,F3,0.009,0.004,,
2025,4/15/2015,Apr-15,Gararu,Mata Atlântica,39,34.94,28.41,0.52,M,3,0.006,1.154,F1,0.010,0.008,G,
2025,4/15/2015,Apr-15,Gararu,Mata Atlântica,40,36.48,29.77,0.61,M,3,0.009,1.475,F3,0.014,0.009,G/E,
2025,4/15/2015,Apr-15,Gararu,Mata Atlântica,41,33.9,27.6,0.44,F,2,0.033,7.500,F3,0.012,0.005,G/E,
2025,4/15/2015,Apr-15,Gararu,Mata Atlântica,42,28.77,22.6,0.24,F,5,0.002,0.833,F2,0.005,0.030,G/E,
2025,4/15/2015,Apr-15,Gararu,Mata Atlântica,43,35.08,27.71,0.53,F,3,0.040,7.547,F3,0.026,0.010,G/E,
2025,4/15/2015,Apr-15,Gararu,Mata Atlântica,44,35.32,29.2,0.52,M,3,0.008,1.538,VZ,,0.005,G,
2025,4/15/2015,Apr-15,Gararu,Mata Atlântica,45,34.22,27.77,0.48,F,4,0.021,4.375,F1,0.012,0.013,G,
2025,4/15/2015,Apr-15,Gararu,Mata Atlântica,46,35.46,28.01,0.52,M,3,0.007,1.346,F3,0.015,0.004,G/E,
2025,4/15/2015,Apr-15,Gararu,Mata Atlântica,47,33.45,27.14,0.47,F,3,0.034,7.234,F1,0.012,0.013,G,
2025,4/15/2015,Apr-15,Gararu,Mata Atlântica,48,34.49,28.64,0.48,M,4,0.006,1.250,F2,0.020,0.005,G,
2025,4/15/2015,Apr-15,Gararu,Mata Atlântica,49,33,25.71,0.39,M,2,0.003,0.769,VZ,,0.005,G,
2025,4/15/2015,Apr-15,Gararu,Mata Atlântica,50,30.3,24.74,0.26,M,5,0.001,0.385,F3,0.009,0.007,,
2036,4/15/2015,Apr-15,Amparo do São Francisco,Mata Atlântica,1,32.88,26.78,0.43,M,2,0.004,0.930,VZ,,0.003,0.70,
2036,4/15/2015,Apr-15,Amparo do São Francisco,Mata Atlântica,2,33.33,27.53,0.43,F,4,0.007,1.628,F1,0.017,0.004,0.93,
2036,4/15/2015,Apr-15,Amparo do São Francisco,Mata Atlântica,3,31.87,26.04,0.37,F,5,0.001,0.270,F2,0.012,0.005,1.35,
2036,4/15/2015,Apr-15,Amparo do São Francisco,Mata Atlântica,4,32.32,26.02,0.4,M,3,0.007,1.750,VZ,,0.004,1.00,G
2036,4/15/2015,Apr-15,Amparo do São Francisco,Mata Atlântica,5,30.95,24.76,0.41,F,5,0.001,0.244,VZ,,0.005,1.22,
2036,4/15/2015,Apr-15,Amparo do São Francisco,Mata Atlântica,6,32.2,26.48,0.42,F,4,0.011,2.619,F2,0.007,0.004,0.95,
2036,4/15/2015,Apr-15,Amparo do São Francisco,Mata Atlântica,7,28.11,21.66,0.24,M,4,0.001,0.417,F1,0.006,0.001,0.42,G
2036,4/15/2015,Apr-15,Amparo do São Francisco,Mata Atlântica,8,29.55,23.52,0.31,M,4,0.001,0.323,F3,0.008,0.001,0.32,G
2036,4/15/2015,Apr-15,Amparo do São Francisco,Mata Atlântica,9,35.71,29.23,0.46,F,2,0.02,4.348,VZ,,0.008,1.74,
2036,4/15/2015,Apr-15,Amparo do São Francisco,Mata Atlântica,10,30.32,25.38,0.13,F,5,0.002,1.538,F3,0.011,0.002,1.54,G
2036,4/15/2015,Apr-15,Amparo do São Francisco,Mata Atlântica,11,31.71,24.61,0.4,F,3,0.023,5.750,F1,0.009,0.005,1.25,G
2036,4/15/2015,Apr-15,Amparo do São Francisco,Mata Atlântica,12,34.01,27.36,0.46,F,2,0.023,5.000,F3,0.012,0.007,1.52,G
2036,4/15/2015,Apr-15,Amparo do São Francisco,Mata Atlântica,13,33.02,26.51,0.39,F,3,0.018,4.615,F2,0.008,0.007,1.79,G
2036,4/15/2015,Apr-15,Amparo do São Francisco,Mata Atlântica,14,28.76,24.49,0.26,M,4,0.001,0.385,F1,0.004,0.005,1.92,G
2036,4/15/2015,Apr-15,Amparo do São Francisco,Mata Atlântica,15,34.57,27.96,0.42,F,4,0.011,2.619,F2,0.016,0.006,1.43,G
2036,4/15/2015,Apr-15,Amparo do São Francisco,Mata Atlântica,16,28.55,23.74,0.25,F,5,0.004,1.600,VZ,,0.002,0.80,G
2036,4/15/2015,Apr-15,Amparo do São Francisco,Mata Atlântica,17,36.8,28.35,0.51,F,3,0.04,7.843,F2,0.012,0.01,1.96,FEC
2036,4/15/2015,Apr-15,Amparo do São Francisco,Mata Atlântica,18,27.39,22.36,0.21,F,5,0.001,0.476,F3,0.008,0.004,1.90,
2036,4/15/2015,Apr-15,Amparo do São Francisco,Mata Atlântica,19,30.55,24.09,0.27,F,5,0.004,1.481,VZ,,0.007,2.59,G
2036,4/15/2015,Apr-15,Amparo do São Francisco,Mata Atlântica,20,32.32,25.5,0.36,M,4,0.004,1.111,F2,0.015,0.008,2.22,
2036,4/15/2015,Apr-15,Amparo do São Francisco,Mata Atlântica,21,30.2,23.81,0.25,M,5,0.001,0.400,F2,0.008,0.006,2.40,
2036,4/15/2015,Apr-15,Amparo do São Francisco,Mata Atlântica,22,34.31,28.32,0.35,F,4,0.01,2.857,F1,0.010,0.012,3.43,G
2036,4/15/2015,Apr-15,Amparo do São Francisco,Mata Atlântica,23,27.54,21.73,0.19,F,5,0.003,1.579,VZ,,0.003,1.58,
2036,4/15/2015,Apr-15,Amparo do São Francisco,Mata Atlântica,24,33.57,26.6,0.39,F,4,0.014,3.590,VZ,,0.019,4.87,G
2036,4/15/2015,Apr-15,Amparo do São Francisco,Mata Atlântica,25,28.4,23.47,0.28,M,4,0.001,0.357,F1,0.011,0.006,2.14,G
2036,4/15/2015,Apr-15,Amparo do São Francisco,Mata Atlântica,26,28.36,23.45,0.22,M,4,0.002,0.909,F1,0.005,0.003,1.36,G
2036,4/15/2015,Apr-15,Amparo do São Francisco,Mata Atlântica,27,29.4,21.15,0.23,M,4,0.002,0.870,F2,0.012,0.003,1.30,G
2036,4/15/2015,Apr-15,Amparo do São Francisco,Mata Atlântica,28,33.64,26.68,0.39,F,5,0.006,1.538,F2,0.009,0.006,1.54,
2036,4/15/2015,Apr-15,Amparo do São Francisco,Mata Atlântica,29,31.64,25.15,0.33,F,5,0.01,3.030,F3,0.008,0.007,2.12,G
2036,4/15/2015,Apr-15,Amparo do São Francisco,Mata Atlântica,30,32.12,25.7,0.32,F,4,0.006,1.875,F2,0.011,0.003,0.94,G
2036,4/15/2015,Apr-15,Amparo do São Francisco,Mata Atlântica,31,37.56,29.2,0.58,F,3,0.041,7.069,F2,0.006,0.006,1.03,FEC
2036,4/15/2015,Apr-15,Amparo do São Francisco,Mata Atlântica,32,30.58,25.07,0.28,M,4,0.003,1.071,F2,0.006,0.003,1.07,
2036,4/15/2015,Apr-15,Amparo do São Francisco,Mata Atlântica,33,31.19,25.07,0.3,M,4,0.002,0.667,F2,0.005,0.004,1.33,G
2036,4/15/2015,Apr-15,Amparo do São Francisco,Mata Atlântica,34,30.8,24.61,0.26,F,4,0.007,2.692,F3,0.012,0.003,1.15,G
2036,4/15/2015,Apr-15,Amparo do São Francisco,Mata Atlântica,35,25.43,20.31,0.18,M,1,0.001,0.556,F2,0.005,0.003,1.67,G
2036,4/15/2015,Apr-15,Amparo do São Francisco,Mata Atlântica,36,23.81,19.06,0.15,M,1,0.001,0.667,VZ,,0.003,2.00,
2036,4/15/2015,Apr-15,Amparo do São Francisco,Mata Atlântica,37,30.28,24.8,0.29,M,4,0.001,0.345,F2,0.006,0.003,1.03,G
2036,4/15/2015,Apr-15,Amparo do São Francisco,Mata Atlântica,38,34.36,27.94,0.51,F,3,0.039,7.647,F3,0.014,0.007,1.37,G
2036,4/15/2015,Apr-15,Amparo do São Francisco,Mata Atlântica,39,27.21,23.35,0.26,F,4,0.004,1.538,VZ,,0.004,1.54,G
2036,4/15/2015,Apr-15,Amparo do São Francisco,Mata Atlântica,40,32.47,25.52,0.37,F,5,0.001,0.270,F3,0.012,0.004,1.08,
2036,4/15/2015,Apr-15,Amparo do São Francisco,Mata Atlântica,41,31.37,24.73,0.32,M,2,0.002,0.625,VZ,,0.003,0.94,G
2036,4/15/2015,Apr-15,Amparo do São Francisco,Mata Atlântica,42,31.16,25.45,0.28,F,5,0.004,1.429,VZ,,0.002,0.71,G
2036,4/15/2015,Apr-15,Amparo do São Francisco,Mata Atlântica,43,33.64,26.19,0.38,F,3,0.024,6.316,f2,0.018,0.008,2.11,G
2036,4/15/2015,Apr-15,Amparo do São Francisco,Mata Atlântica,44,28.91,24.98,0.27,M,4,0.002,0.741,D1,0.005,0.005,1.85,G
2036,4/15/2015,Apr-15,Amparo do São Francisco,Mata Atlântica,45,35.16,28.66,0.53,F,3,0.05,9.434,F2,0.018,0.006,1.13,FEC
2036,4/15/2015,Apr-15,Amparo do São Francisco,Mata Atlântica,46,29.43,24.21,0.28,F,5,0.004,1.429,VZ,,0.003,1.07,G
2036,4/15/2015,Apr-15,Amparo do São Francisco,Mata Atlântica,47,33.78,28.28,0.41,F,2,0.014,3.415,F3,0.016,0.009,2.20,G
2036,4/15/2015,Apr-15,Amparo do São Francisco,Mata Atlântica,48,29.68,24.66,0.25,M,4,0.002,0.800,F2,  0.010 ,0.004,1.60,G
2036,4/15/2015,Apr-15,Amparo do São Francisco,Mata Atlântica,49,30.32,25.37,0.34,F,5,0.005,1.471,F3,0.012,0.003,0.88,G
2036,4/15/2015,Apr-15,Amparo do São Francisco,Mata Atlântica,50,27.52,22.76,0.23,M,5,0.001,0.435,VZ,,0.002,0.87,
2246,7/24/2015,Jul-15,Propriá,Mata Atlântica,1,21.84,16.6,0.89,F,1,0.001,0.112,VZ,,0.001,0.11,F
2246,7/24/2015,Jul-15,Propriá,Mata Atlântica,2,27.94,23.34,0.19,F,5,0.001,0.526,F1,0.006,0.003,1.58,
2246,7/24/2015,Jul-15,Propriá,Mata Atlântica,3,25.2,20.32,0.14,M,5,0.001,0.714,F1,0.006,0.002,1.43,
2246,7/24/2015,Jul-15,Propriá,Mata Atlântica,4,31.98,25.03,0.27,M,3,0.002,0.741,F3,0.024,0.002,0.74,
2246,7/24/2015,Jul-15,Propriá,Mata Atlântica,5,24.59,21.18,0.13,M,5,0.001,0.769,F3,0.012,0.002,1.54,
2246,7/24/2015,Jul-15,Propriá,Mata Atlântica,6,24.49,20.22,0.13,M,1,0.001,0.769,VZ,,0.004,3.08,F
2246,7/24/2015,Jul-15,Propriá,Mata Atlântica,7,28.59,23.34,0.22,F,4,0.008,3.636,F3,0.012,0.003,1.36,
2246,7/24/2015,Jul-15,Propriá,Mata Atlântica,8,26.07,24.3,0.14,F,5,0.001,0.714,VZ,,,0.00,F
2246,7/24/2015,Jul-15,Propriá,Mata Atlântica,9,31.91,25.71,0.33,F,2,0.016,4.848,F3,0.013,0.007,2.12,
2246,7/24/2015,Jul-15,Propriá,Mata Atlântica,10,31.79,25.89,0.3,F,2,0.012,4.000,F3,0.017,0.001,0.33,F
2246,7/24/2015,Jul-15,Propriá,Mata Atlântica,11,32.04,26.15,0.36,M,4,0.001,0.278,F3,0.006,0.004,1.11,
2246,7/24/2015,Jul-15,Propriá,Mata Atlântica,12,27.05,21.56,0.18,F,5,0.003,1.667,F3,0.006,0.002,1.11,F
2246,7/24/2015,Jul-15,Propriá,Mata Atlântica,13,28.07,21.69,0.16,F,4,0.006,3.750,F1,0.003,0.002,1.25,
2246,7/24/2015,Jul-15,Propriá,Mata Atlântica,14,31,23.8,0.31,F,3,0.012,3.871,F3,0.017,0.003,0.97,FEC
2246,7/24/2015,Jul-15,Propriá,Mata Atlântica,15,33.56,26.13,0.44,F,4,0.014,3.182,F3,0.03,0.002,0.45,
2246,7/24/2015,Jul-15,Propriá,Mata Atlântica,16,19.59,15.85,0.19,I,1,0.001,0.526,F3,0.006,0.003,1.58,
2246,7/24/2015,Jul-15,Propriá,Mata Atlântica,17,17.86,15.09,0.06,I,1,0.001,1.667,VZ,,0.001,1.67,
2281,7/24/2015,Jul-15,Amparo,Mata Atlântica,1,27.72,23.25,0.22,M,4,0.001,0.455,3,0.02,0.002,0.91,Fixado
2281,7/24/2015,Jul-15,Amparo,Mata Atlântica,2,26.3,21.44,0.21,F,5,0.001,0.476,3,0.019,0.004,1.90,
2281,7/24/2015,Jul-15,Amparo,Mata Atlântica,3,24.49,18.9,0.15,F,1,0.003,2.000,3,0.007,0.002,1.33,
2281,7/24/2015,Jul-15,Amparo,Mata Atlântica,4,28.58,22.96,0.27,M,5,0.001,0.370,3,0.024,0.003,1.11,
2281,7/24/2015,Jul-15,Amparo,Mata Atlântica,5,26.13,20.2,0.2,F,1,0.001,0.500,3,0.014,0.002,1.00,
2281,7/24/2015,Jul-15,Amparo,Mata Atlântica,6,25.34,19.91,0.19,M,1,0.001,0.526,3,0.013,0.001,0.53,
2281,7/24/2015,Jul-15,Amparo,Mata Atlântica,7,25.11,19.71,0.18,M,1,0.001,0.556,3,0.008,0.002,1.11,
2281,7/24/2015,Jul-15,Amparo,Mata Atlântica,8,28.49,23.45,0.26,F,5,0.002,0.769,3,0.018,0.002,0.77,
2281,7/24/2015,Jul-15,Amparo,Mata Atlântica,9,27.43,22.41,0.26,F,5,0.003,1.154,3,0.03,0.004,1.54,
2281,7/24/2015,Jul-15,Amparo,Mata Atlântica,10,28.36,24.01,0.28,F,5,0.002,0.714,3,0.015,0.001,0.36,
2281,7/24/2015,Jul-15,Amparo,Mata Atlântica,11,29.66,24.68,0.29,M,4,0.001,0.345,3,0.011,0.001,0.34,
2281,7/24/2015,Jul-15,Amparo,Mata Atlântica,12,22.31,18.69,0.14,F,1,0.001,0.714,F3,0.006,0.002,1.43,F
2281,7/24/2015,Jul-15,Amparo,Mata Atlântica,13,24.79,19.96,0.16,F,1,0.001,0.625,F3,0.013,0.001,0.63,F
2281,7/24/2015,Jul-15,Amparo,Mata Atlântica,14,27.22,22.22,0.23,M,5,0.001,0.435,F3,0.013,0.001,0.43,F
2281,7/24/2015,Jul-15,Amparo,Mata Atlântica,15,28.39,22.91,0.22,F,4,0.002,0.909,F2,0.008,0.008,3.64,F
2281,7/24/2015,Jul-15,Amparo,Mata Atlântica,16,26.78,21.22,0.18,F,5,0.001,0.556,F3,0.019,0.002,1.11,F
2281,7/24/2015,Jul-15,Amparo,Mata Atlântica,17,24.58,19.44,0.14,F,1,0.001,0.714,F3,0.007,0.001,0.71,F
2281,7/24/2015,Jul-15,Amparo,Mata Atlântica,18,29.3,23.67,0.3,F,4,0.002,0.667,F3,0.023,0.004,1.33,F
2281,7/24/2015,Jul-15,Amparo,Mata Atlântica,19,25.4,20.93,0.2,M,2,0.002,1.000,F2,0.003,0.001,0.50,F
2281,7/24/2015,Jul-15,Amparo,Mata Atlântica,20,28.03,23.06,0.24,M,2,0.001,0.417,F3,0.023,0.002,0.83,F
2281,7/24/2015,Jul-15,Amparo,Mata Atlântica,21,28,24.44,0.26,F,5,0.001,0.385,F3,0.011,0.004,1.54,F
2281,7/24/2015,Jul-15,Amparo,Mata Atlântica,22,30.6,24.9,0.36,M,4,0.003,0.833,F3,0.013,0.008,2.22,F
2281,7/24/2015,Jul-15,Amparo,Mata Atlântica,23,31.2,25.55,0.36,M,2,0.003,0.833,F3,0.023,0.004,1.11,
2281,7/24/2015,Jul-15,Amparo,Mata Atlântica,24,27.1,21.95,0.19,M,5,0.001,0.526,F3,0.013,0.001,0.53,
2281,7/24/2015,Jul-15,Amparo,Mata Atlântica,25,27.96,22.39,0.23,M,5,0.001,0.435,F3,0.018,0.001,0.43,
2281,7/24/2015,Jul-15,Amparo,Mata Atlântica,26,30.17,23.59,0.26,F,4,0.006,2.308,F2,0.01,0.005,1.92,
2281,7/24/2015,Jul-15,Amparo,Mata Atlântica,27,28.56,23.77,0.23,F,5,0.001,0.435,F3,0.015,0.001,0.43,
2281,7/24/2015,Jul-15,Amparo,Mata Atlântica,28,28.51,24.09,0.24,F,5,0.002,0.833,F3,0.015,0.004,1.67,
2281,7/24/2015,Jul-15,Amparo,Mata Atlântica,29,24.96,20.61,0.15,M,4,0.001,0.667,F3,0.011,0.001,0.67,
2281,7/24/2015,Jul-15,Amparo,Mata Atlântica,30,26.91,22.2,0.2,M,5,0.001,0.500,D3,0.016,0.004,2.00,
2281,7/24/2015,Jul-15,Amparo,Mata Atlântica,31,29.76,23.63,0.29,M,4,0.001,0.345,F3,0.023,0.004,1.38,F
2281,7/24/2015,Jul-15,Amparo,Mata Atlântica,32,28.52,22.92,0.23,F,5,0.002,0.870,F3,0.022,0.001,0.43,
2281,7/24/2015,Jul-15,Amparo,Mata Atlântica,33,28.15,21.83,0.2,M,4,0.001,0.500,F3,0.005,0.001,0.50,
2281,7/24/2015,Jul-15,Amparo,Mata Atlântica,34,24.61,20.5,0.16,M,4,0.003,1.875,F3,19,0.001,0.63,
2281,7/24/2015,Jul-15,Amparo,Mata Atlântica,35,29.96,23.8,0.27,F,4,0.003,1.111,F3,0.028,0.002,0.74,
2281,7/24/2015,Jul-15,Amparo,Mata Atlântica,36,27.79,21.98,0.21,F,5,0.002,0.952,F3,0.016,0.001,0.48,
2281,7/24/2015,Jul-15,Amparo,Mata Atlântica,37,27.49,21.45,0.2,M,4,0.001,0.500,F3,0.015,0.004,2.00,F
2281,7/24/2015,Jul-15,Amparo,Mata Atlântica,38,28.16,21.5,0.22,M,3,0.003,1.364,F3,0.01,0.002,0.91,
2281,7/24/2015,Jul-15,Amparo,Mata Atlântica,39,24.9,20.49,0.17,M,5,0.001,0.588,F3,0.015,0.002,1.18,
2281,7/24/2015,Jul-15,Amparo,Mata Atlântica,40,24.1,20.05,0.16,M,1,0.001,0.625,F3,0.009,0.001,0.63,
2281,7/24/2015,Jul-15,Amparo,Mata Atlântica,41,31.82,25.4,0.31,F,5,0.005,1.613,F3,0.025,0.002,0.65,
2281,7/24/2015,Jul-15,Amparo,Mata Atlântica,42,26.88,21.06,0.2,M,5,0.001,0.500,F3,0.029,0.005,2.50,
2281,7/24/2015,Jul-15,Amparo,Mata Atlântica,43,30.42,23.68,0.28,M,4,0.003,1.071,F3,0.033,0.002,0.71,
2281,7/24/2015,Jul-15,Amparo,Mata Atlântica,44,28.53,21.48,0.22,M,4,0.003,1.364,F3,0.021,0.003,1.36,
2281,7/24/2015,Jul-15,Amparo,Mata Atlântica,45,27.04,21.84,0.18,M,4,0.002,1.111,F3,0.006,0.002,1.11,
2281,7/24/2015,Jul-15,Amparo,Mata Atlântica,46,33.91,26.62,0.41,F,2,0.011,2.683,F3,0.022,0.003,0.73,F
2281,7/24/2015,Jul-15,Amparo,Mata Atlântica,47,28.28,22.76,0.23,M,5,0.001,0.435,F3,0.019,0.001,0.43,
2281,7/24/2015,Jul-15,Amparo,Mata Atlântica,48,28.5,23.07,0.25,F,5,0.001,0.400,F3,0.021,0.005,2.00,
2281,7/24/2015,Jul-15,Amparo,Mata Atlântica,49,29.43,22.29,0.26,M,3,0.002,0.769,F3,0.009,0.002,0.77,F
2281,7/24/2015,Jul-15,Amparo,Mata Atlântica,50,26.7,20.9,0.19,M,5,0.001,0.526,F3,0.012,0.003,1.58,
2292,7/24/2015,Jul-15,Gararu,Mata Atlântica,1,37.01,28.45,0.5,M,4,0.001,0.200,F3,0.024,0.005,1.00,
2292,7/24/2015,Jul-15,Gararu,Mata Atlântica,2,34.03,25.62,0.36,M,2,0.001,0.278,F3,0.016,0.005,1.39,
2292,7/24/2015,Jul-15,Gararu,Mata Atlântica,3,35.83,27.38,0.43,F,3,0.018,4.186,D3,0.022,0.006,1.40,
2292,7/24/2015,Jul-15,Gararu,Mata Atlântica,4,30.54,24.56,0.25,M,2,0.002,0.800,F3,0.014,0.001,0.40,
2292,7/24/2015,Jul-15,Gararu,Mata Atlântica,5,34.8,26.96,0.4,M,3,0.005,1.250,F2,0.007,0.001,0.25,
2292,7/24/2015,Jul-15,Gararu,Mata Atlântica,6,32.17,24.56,0.29,M,4,0.001,0.345,F3,0.009,0.002,0.69,
2292,7/24/2015,Jul-15,Gararu,Mata Atlântica,7,33.89,27.52,0.42,F,5,0.003,0.714,F3,0.007,0.006,1.43,
2292,7/24/2015,Jul-15,Gararu,Mata Atlântica,8,30.79,24.55,0.35,M,2,0.002,0.571,F2,0.006,0.01,2.86,
2292,7/24/2015,Jul-15,Gararu,Mata Atlântica,9,32.3,25.1,0.34,M,3,0.004,1.176,F3,0.009,0.007,2.06,
2292,7/24/2015,Jul-15,Gararu,Mata Atlântica,10,21.16,25.64,0.32,M,3,0.003,0.938,F3,0.009,0.003,0.94,
2292,7/24/2015,Jul-15,Gararu,Mata Atlântica,11,21.75,16.97,0.09,F,1,0.001,1.111,F3,0.006,0.001,1.11,
2292,7/24/2015,Jul-15,Gararu,Mata Atlântica,12,30.01,23.05,0.24,F,5,0.001,0.417,F2,0.007,0.001,0.42,
2292,7/24/2015,Jul-15,Gararu,Mata Atlântica,13,34.37,27.09,0.46,F,3,0.019,4.130,F3,0.017,0.002,0.43,
2292,7/24/2015,Jul-15,Gararu,Mata Atlântica,14,34.77,27.02,0.38,M,4,0.004,1.053,F2,0.006,0.002,0.53,
2292,7/24/2015,Jul-15,Gararu,Mata Atlântica,15,33.62,26.57,0.4,F,3,0.024,6.000,F3,0.024,0.006,1.50,FEC
2292,7/24/2015,Jul-15,Gararu,Mata Atlântica,16,32.16,25.69,0.3,M,5,0.001,0.333,F3,0.019,0.005,1.67,
2292,7/24/2015,Jul-15,Gararu,Mata Atlântica,17,23.49,18.79,0.15,F,1,0.001,0.667,F3,0.008,0.002,1.33,
2292,7/24/2015,Jul-15,Gararu,Mata Atlântica,18,34.41,27.19,0.4,F,5,0.006,1.500,F1,0.006,0.004,1.00,
2292,7/24/2015,Jul-15,Gararu,Mata Atlântica,19,34.01,26.11,0.38,M,3,0.004,1.053,F3,0.013,0.006,1.58,
2292,7/24/2015,Jul-15,Gararu,Mata Atlântica,20,31.77,26.76,0.4,F,5,0.004,1.000,F3,0.031,0.002,0.50,
2292,7/24/2015,Jul-15,Gararu,Mata Atlântica,21,34.64,26.41,0.4,F,3,0.02,5.000,F2,0.015,0.005,1.25,
2292,7/24/2015,Jul-15,Gararu,Mata Atlântica,22,31.85,24.95,0.28,M,2,0.002,0.714,F3,0.019,0.003,1.07,
2410,10/21/2015,Oct-15,Gararu,Mata Atlântica,1,34.44,28.17,0.4,M,3,0.004,1.000,F1,0.006,0.006,1.50,
2410,10/21/2015,Oct-15,Gararu,Mata Atlântica,2,31.75,26.68,0.36,M,4,0.001,0.278,D1,0.001,0.005,1.39,
2410,10/21/2015,Oct-15,Gararu,Mata Atlântica,3,28.5,22.72,0.2,F,5,0.003,1.500,F1,0.006,0.002,1.00,
2410,10/21/2015,Oct-15,Gararu,Mata Atlântica,4,25.09,20.87,0.16,M,5,0.001,0.625,F1,0.004,0.001,0.63,
2410,10/21/2015,Oct-15,Gararu,Mata Atlântica,5,19.6,16.24,0.09,M,1,0.001,1.111,F1,0.003,0.001,1.11,
2410,10/21/2015,Oct-15,Gararu,Mata Atlântica,6,33.83,27.47,0.38,F,3,0.021,5.526,F2,0.009,0.002,0.53,
2410,10/21/2015,Oct-15,Gararu,Mata Atlântica,7,34.96,28.68,0.49,F,3,0.023,4.694,D1,0.008,0.007,1.43,
2410,10/21/2015,Oct-15,Gararu,Mata Atlântica,8,30.68,24.59,0.3,F,5,0.005,1.667,F1,0.005,0.004,1.33,
2410,10/21/2015,Oct-15,Gararu,Mata Atlântica,9,32.8,26.41,0.37,M,4,0.001,0.270,F2,0.013,0.003,0.81,
2410,10/21/2015,Oct-15,Gararu,Mata Atlântica,10,31.81,25.74,0.35,M,3,0.003,0.857,F2,0.01,0.007,2.00,
2410,10/21/2015,Oct-15,Gararu,Mata Atlântica,11,30.91,24.74,0.31,M,4,0.001,0.323,F2,0.011,0.004,1.29,
2410,10/21/2015,Oct-15,Gararu,Mata Atlântica,12,31.6,26.07,0.33,F,5,0.007,2.121,F2,0.008,0.001,0.30,
2410,10/21/2015,Oct-15,Gararu,Mata Atlântica,13,35.56,29.74,0.48,F,5,0.003,0.625,F2,0.011,0.004,0.83,
2410,10/21/2015,Oct-15,Gararu,Mata Atlântica,14,30.37,24.15,0.27,M,4,0.002,0.741,F2,0.005,0.004,1.48,
2410,10/21/2015,Oct-15,Gararu,Mata Atlântica,15,33.53,27.56,0.42,F,5,0.003,0.714,F2,0.011,0.003,0.71,
2410,10/21/2015,Oct-15,Gararu,Mata Atlântica,16,34.07,26.79,0.41,F,5,0.001,0.244,F3,0.009,0.002,0.49,
2410,10/21/2015,Oct-15,Gararu,Mata Atlântica,17,26.65,20.97,0.15,M,1,0.001,0.667,F2,0.006,0.001,0.67,
2410,10/21/2015,Oct-15,Gararu,Mata Atlântica,18,33.44,28.1,0.44,M,3,0.005,1.136,F3,0.011,0.004,0.91,
2410,10/21/2015,Oct-15,Gararu,Mata Atlântica,19,35.66,28.95,0.49,F,4,0.011,2.245,F3,0.01,0.002,0.41,
2410,10/21/2015,Oct-15,Gararu,Mata Atlântica,20,27.6,21.71,0.2,M,2,0.001,0.500,F2,0.007,0.003,1.50,
2410,10/21/2015,Oct-15,Gararu,Mata Atlântica,21,32.84,26.54,0.37,M,2,0.002,0.541,F2,0.006,0.001,0.27,
2410,10/21/2015,Oct-15,Gararu,Mata Atlântica,22,34.15,27.63,0.43,F,3,0.029,6.744,F3,0.009,0.005,1.16,FEC
2410,10/21/2015,Oct-15,Gararu,Mata Atlântica,23,29.1,23.37,0.28,M,2,0.001,0.357,F1,0.004,0.001,0.36,
2410,10/21/2015,Oct-15,Gararu,Mata Atlântica,24,31.69,25.38,0.37,M,2,0.002,0.541,F2,0.011,0.004,1.08,
2410,10/21/2015,Oct-15,Gararu,Mata Atlântica,25,29.59,24.82,0.26,M,3,0.003,1.154,F2,0.006,0.002,0.77,
2410,10/21/2015,Oct-15,Gararu,Mata Atlântica,26,35.17,28.79,0.51,F,3,0.024,4.706,F3,0.013,0.006,1.18,
2410,10/21/2015,Oct-15,Gararu,Mata Atlântica,27,35.63,30.22,0.56,F,3,0.023,4.107,F2,0.006,0.003,0.54,
2410,10/21/2015,Oct-15,Gararu,Mata Atlântica,28,33.26,26.52,0.4,F,5,0.005,1.250,F2,0.01,0.003,0.75,
2410,10/21/2015,Oct-15,Gararu,Mata Atlântica,29,25.38,21.83,0.21,M,5,0.001,0.476,F2,0.005,0.002,0.95,
2410,10/21/2015,Oct-15,Gararu,Mata Atlântica,30,32.27,27.09,0.39,F,4,0.004,1.026,F2,0.013,0.005,1.28,
2410,10/21/2015,Oct-15,Gararu,Mata Atlântica,31,35.15,28.38,0.45,M,2,0.002,0.444,F2,0.01,0.004,0.89,
2410,10/21/2015,Oct-15,Gararu,Mata Atlântica,32,34.56,27.97,0.48,F,5,0.008,1.667,VZ,,0.004,0.83,
2410,10/21/2015,Oct-15,Gararu,Mata Atlântica,33,33.39,27.01,0.42,M,3,0.003,0.714,F3,0.009,0.001,0.24,
2410,10/21/2015,Oct-15,Gararu,Mata Atlântica,34,30.92,25.38,0.32,F,5,0.001,0.313,F2,0.007,0.005,1.56,
2410,10/21/2015,Oct-15,Gararu,Mata Atlântica,35,33.67,26.06,0.4,M,3,0.003,0.750,F2,0.01,0.001,0.25,
2410,10/21/2015,Oct-15,Gararu,Mata Atlântica,36,27.53,23.33,0.24,F,5,0.003,1.250,F2,0.004,0.002,0.83,
2410,10/21/2015,Oct-15,Gararu,Mata Atlântica,37,34.96,28.66,0.49,F,3,0.02,4.082,F2,0.017,0.002,0.41,FEC
2410,10/21/2015,Oct-15,Gararu,Mata Atlântica,38,29.72,23.02,0.32,M,2,0.001,0.313,F1,0.013,0.001,0.31,
2410,10/21/2015,Oct-15,Gararu,Mata Atlântica,39,38.37,30.31,0.54,M,3,0.004,0.741,VZ,,0.002,0.37,
2410,10/21/2015,Oct-15,Gararu,Mata Atlântica,40,33.41,26.86,0.42,M,2,0.003,0.714,F3,0.012,0.002,0.48,
2410,10/21/2015,Oct-15,Gararu,Mata Atlântica,41,28.03,22.85,0.23,F,5,0.002,0.870,F2,0.007,0.002,0.87,
2410,10/21/2015,Oct-15,Gararu,Mata Atlântica,42,33.23,29.37,0.48,M,3,0.005,1.042,F2,0.01,0.006,1.25,
2410,10/21/2015,Oct-15,Gararu,Mata Atlântica,43,32.2,26.04,0.35,M,3,0.004,1.143,F2,0.007,0.002,0.57,
2410,10/21/2015,Oct-15,Gararu,Mata Atlântica,44,36.88,29.48,0.57,F,4,0.006,1.053,F3,0.018,0.001,0.18,
2410,10/21/2015,Oct-15,Gararu,Mata Atlântica,45,36.3,29.8,0.55,F,5,0.003,0.545,F2,0.017,0.004,0.73,
2410,10/21/2015,Oct-15,Gararu,Mata Atlântica,46,36.76,30.08,0.56,M,3,0.008,1.429,F2,0.012,0.004,0.71,
2410,10/21/2015,Oct-15,Gararu,Mata Atlântica,47,36.57,31.06,0.29,M,5,0.001,0.345,F2,0.007,0.003,1.03,
2410,10/21/2015,Oct-15,Gararu,Mata Atlântica,48,32.32,28.04,0.43,M,2,0.002,0.465,F3,0.016,0.002,0.47,
2410,10/21/2015,Oct-15,Gararu,Mata Atlântica,49,33.11,25.67,0.37,M,2,0.001,0.270,VZ,,0.002,0.54,
2410,10/21/2015,Oct-15,Gararu,Mata Atlântica,50,36.82,29.32,0.52,F,2,0.016,3.077,F3,0.006,0.003,0.58,