"","Local","Date","Prey","FOi","Pi"
"1","Amparo",2015-01-21,"Amphipoda",0,0
"2","Amparo",2015-01-21,"Aranae",0.15,4.32200292397661
"3","Amparo",2015-01-21,"Baetidae",0.1,10.4628422425033
"4","Amparo",2015-01-21,"Caenidae",0.05,76.9230769230769
"5","Amparo",2015-01-21,"Calamoceratidae...16",0,0
"6","Amparo",2015-01-21,"Calamoceratidae...26",0,0
"7","Amparo",2015-01-21,"Ceratopogonidae",0,0
"8","Amparo",2015-01-21,"Chaoboridae",0.05,1.96078431372549
"9","Amparo",2015-01-21,"Chironomidae (L)",0.1,2.58097165991903
"10","Amparo",2015-01-21,"Chironomidae(pupa)",0.1,5.71428571428571
"11","Amparo",2015-01-21,"Cladocera",0.05,16.6666666666667
"12","Amparo",2015-01-21,"Colembola",0,0
"13","Amparo",2015-01-21,"Coleoptera",0,0
"14","Amparo",2015-01-21,"Coleoptera (larva)",0,0
"15","Amparo",2015-01-21,"Copepoda",0,0
"16","Amparo",2015-01-21,"Corixidae",0,0
"17","Amparo",2015-01-21,"Diptera (adult)",0,0
"18","Amparo",2015-01-21,"Diptera (pupa)",0.1,6.18990384615385
"19","Amparo",2015-01-21,"Dytiscidae",0,0
"20","Amparo",2015-01-21,"Elmidae",0,0
"21","Amparo",2015-01-21,"Empididae",0,0
"22","Amparo",2015-01-21,"Ephemeroptera",0,0
"23","Amparo",2015-01-21,"Filamentous Algae",0.25,19.7317108503549
"24","Amparo",2015-01-21,"Formicidae",0.4,73.6875046107166
"25","Amparo",2015-01-21,"Gerrridae",0,0
"26","Amparo",2015-01-21,"Helicopsychidae",0,0
"27","Amparo",2015-01-21,"Hemiptera",0,0
"28","Amparo",2015-01-21,"Hydracarina",0.05,11.8421052631579
"29","Amparo",2015-01-21,"Hydropsychidae",0.05,1.69491525423729
"30","Amparo",2015-01-21,"Hymenoptera",0,0
"31","Amparo",2015-01-21,"Insect Remains",0.7,48.674693050267
"32","Amparo",2015-01-21,"Invertebrate eggs",0,0
"33","Amparo",2015-01-21,"Isoptera",0,0
"34","Amparo",2015-01-21,"Lampyridae",0,0
"35","Amparo",2015-01-21,"Leptoceridae",0.05,32.7868852459016
"36","Amparo",2015-01-21,"Leptohyphes",0,0
"37","Amparo",2015-01-21,"Leptophlebiidae",0,0
"38","Amparo",2015-01-21,"Libellulidae",0,0
"39","Amparo",2015-01-21,"Naucoridae",0,0
"40","Amparo",2015-01-21,"Noteridae",0.1,8.83458646616541
"41","Amparo",2015-01-21,"Odonata (N)",0,0
"42","Amparo",2015-01-21,"Organic matter",0.3,59.6954381963443
"43","Amparo",2015-01-21,"Orthoptera",0,0
"44","Amparo",2015-01-21,"Ostracoda",0.25,3.83059459336495
"45","Amparo",2015-01-21,"Philopotamidae",0,0
"46","Amparo",2015-01-21,"Plant Matter",0,0
"47","Amparo",2015-01-21,"Plecoptera",0,0
"48","Amparo",2015-01-21,"Pleidae",0,0
"49","Amparo",2015-01-21,"Pseudoscorpionida",0,0
"50","Amparo",2015-01-21,"Psocoptera",0.15,3.88021335389756
"51","Amparo",2015-01-21,"Psychodidae",0,0
"52","Amparo",2015-01-21,"Pyralidae",0,0
"53","Amparo",2015-01-21,"Scales",0,0
"54","Amparo",2015-01-21,"Sediments",0.05,11.5384615384615
"55","Amparo",2015-01-21,"Seeds and Fruits",0,0
"56","Amparo",2015-01-21,"Shrimp (L)",0,0
"57","Amparo",2015-01-21,"Simullidae",0,0
"58","Amparo",2015-01-21,"Staphynilidae",0.05,2.22222222222222
"59","Amparo",2015-01-21,"Thysanura",0.05,5.26315789473684
"60","Amparo",2015-01-21,"Tingidae",0,0
"61","Amparo",2015-01-21,"Trichoptera",0,0
"62","Amparo",2015-01-21,"Trichoptera (L)",0,0
"63","Amparo",2015-01-21,"Vellidae",0,0
"64","Amparo",2015-01-21,"Vespidae",0,0
"65","Amparo",2015-04-15,"Amphipoda",0,0
"66","Amparo",2015-04-15,"Aranae",0,0
"67","Amparo",2015-04-15,"Baetidae",0.0526315789473684,100
"68","Amparo",2015-04-15,"Caenidae",0,0
"69","Amparo",2015-04-15,"Calamoceratidae...16",0,0
"70","Amparo",2015-04-15,"Calamoceratidae...26",0,0
"71","Amparo",2015-04-15,"Ceratopogonidae",0,0
"72","Amparo",2015-04-15,"Chaoboridae",0,0
"73","Amparo",2015-04-15,"Chironomidae (L)",0.473684210526316,27.7429296675019
"74","Amparo",2015-04-15,"Chironomidae(pupa)",0,0
"75","Amparo",2015-04-15,"Cladocera",0.157894736842105,16.7542811628833
"76","Amparo",2015-04-15,"Colembola",0,0
"77","Amparo",2015-04-15,"Coleoptera",0.0526315789473684,27.3972602739726
"78","Amparo",2015-04-15,"Coleoptera (larva)",0,0
"79","Amparo",2015-04-15,"Copepoda",0,0
"80","Amparo",2015-04-15,"Corixidae",0,0
"81","Amparo",2015-04-15,"Diptera (adult)",0,0
"82","Amparo",2015-04-15,"Diptera (pupa)",0,0
"83","Amparo",2015-04-15,"Dytiscidae",0,0
"84","Amparo",2015-04-15,"Elmidae",0,0
"85","Amparo",2015-04-15,"Empididae",0,0
"86","Amparo",2015-04-15,"Ephemeroptera",0.157894736842105,48.3333333333333
"87","Amparo",2015-04-15,"Filamentous Algae",0.421052631578947,43.4401528013582
"88","Amparo",2015-04-15,"Formicidae",0.0526315789473684,2.4390243902439
"89","Amparo",2015-04-15,"Gerrridae",0,0
"90","Amparo",2015-04-15,"Helicopsychidae",0,0
"91","Amparo",2015-04-15,"Hemiptera",0,0
"92","Amparo",2015-04-15,"Hydracarina",0,0
"93","Amparo",2015-04-15,"Hydropsychidae",0,0
"94","Amparo",2015-04-15,"Hymenoptera",0.0526315789473684,50
"95","Amparo",2015-04-15,"Insect Remains",0.736842105263158,50.1101325770255
"96","Amparo",2015-04-15,"Invertebrate eggs",0,0
"97","Amparo",2015-04-15,"Isoptera",0,0
"98","Amparo",2015-04-15,"Lampyridae",0,0
"99","Amparo",2015-04-15,"Leptoceridae",0,0
"100","Amparo",2015-04-15,"Leptohyphes",0.0526315789473684,6.06060606060606
"101","Amparo",2015-04-15,"Leptophlebiidae",0,0
"102","Amparo",2015-04-15,"Libellulidae",0,0
"103","Amparo",2015-04-15,"Naucoridae",0,0
"104","Amparo",2015-04-15,"Noteridae",0,0
"105","Amparo",2015-04-15,"Odonata (N)",0,0
"106","Amparo",2015-04-15,"Organic matter",0.0526315789473684,75
"107","Amparo",2015-04-15,"Orthoptera",0,0
"108","Amparo",2015-04-15,"Ostracoda",0,0
"109","Amparo",2015-04-15,"Philopotamidae",0.0526315789473684,100
"110","Amparo",2015-04-15,"Plant Matter",0.0526315789473684,13.6986301369863
"111","Amparo",2015-04-15,"Plecoptera",0,0
"112","Amparo",2015-04-15,"Pleidae",0.0526315789473684,16.1290322580645
"113","Amparo",2015-04-15,"Pseudoscorpionida",0,0
"114","Amparo",2015-04-15,"Psocoptera",0,0
"115","Amparo",2015-04-15,"Psychodidae",0,0
"116","Amparo",2015-04-15,"Pyralidae",0,0
"117","Amparo",2015-04-15,"Scales",0,0
"118","Amparo",2015-04-15,"Sediments",0.105263157894737,7.63157894736842
"119","Amparo",2015-04-15,"Seeds and Fruits",0,0
"120","Amparo",2015-04-15,"Shrimp (L)",0,0
"121","Amparo",2015-04-15,"Simullidae",0,0
"122","Amparo",2015-04-15,"Staphynilidae",0,0
"123","Amparo",2015-04-15,"Thysanura",0,0
"124","Amparo",2015-04-15,"Tingidae",0,0
"125","Amparo",2015-04-15,"Trichoptera",0,0
"126","Amparo",2015-04-15,"Trichoptera (L)",0,0
"127","Amparo",2015-04-15,"Vellidae",0,0
"128","Amparo",2015-04-15,"Vespidae",0,0
"129","Amparo",2015-07-24,"Amphipoda",0,0
"130","Amparo",2015-07-24,"Aranae",0.2,1.16528586356173
"131","Amparo",2015-07-24,"Baetidae",0.2,5.61334878779098
"132","Amparo",2015-07-24,"Caenidae",0,0
"133","Amparo",2015-07-24,"Calamoceratidae...16",0,0
"134","Amparo",2015-07-24,"Calamoceratidae...26",0,0
"135","Amparo",2015-07-24,"Ceratopogonidae",0,0
"136","Amparo",2015-07-24,"Chaoboridae",0.15,10.3701404804346
"137","Amparo",2015-07-24,"Chironomidae (L)",0.05,1.94174757281553
"138","Amparo",2015-07-24,"Chironomidae(pupa)",0.1,1.33250483291908
"139","Amparo",2015-07-24,"Cladocera",0,0
"140","Amparo",2015-07-24,"Colembola",0,0
"141","Amparo",2015-07-24,"Coleoptera",0.05,0.970873786407767
"142","Amparo",2015-07-24,"Coleoptera (larva)",0,0
"143","Amparo",2015-07-24,"Copepoda",0,0
"144","Amparo",2015-07-24,"Corixidae",0,0
"145","Amparo",2015-07-24,"Diptera (adult)",0,0
"146","Amparo",2015-07-24,"Diptera (pupa)",0,0
"147","Amparo",2015-07-24,"Dytiscidae",0.05,0.819672131147541
"148","Amparo",2015-07-24,"Elmidae",0.1,0.52959335746221
"149","Amparo",2015-07-24,"Empididae",0,0
"150","Amparo",2015-07-24,"Ephemeroptera",0.05,4.27350427350427
"151","Amparo",2015-07-24,"Filamentous Algae",0,0
"152","Amparo",2015-07-24,"Formicidae",1,92.1755677008384
"153","Amparo",2015-07-24,"Gerrridae",0,0
"154","Amparo",2015-07-24,"Helicopsychidae",0,0
"155","Amparo",2015-07-24,"Hemiptera",0.05,17.6470588235294
"156","Amparo",2015-07-24,"Hydracarina",0,0
"157","Amparo",2015-07-24,"Hydropsychidae",0.05,0.588235294117647
"158","Amparo",2015-07-24,"Hymenoptera",0,0
"159","Amparo",2015-07-24,"Insect Remains",0,0
"160","Amparo",2015-07-24,"Invertebrate eggs",0,0
"161","Amparo",2015-07-24,"Isoptera",0.05,4.34782608695652
"162","Amparo",2015-07-24,"Lampyridae",0,0
"163","Amparo",2015-07-24,"Leptoceridae",0.05,0.409836065573771
"164","Amparo",2015-07-24,"Leptohyphes",0,0
"165","Amparo",2015-07-24,"Leptophlebiidae",0,0
"166","Amparo",2015-07-24,"Libellulidae",0,0
"167","Amparo",2015-07-24,"Naucoridae",0,0
"168","Amparo",2015-07-24,"Noteridae",0,0
"169","Amparo",2015-07-24,"Odonata (N)",0,0
"170","Amparo",2015-07-24,"Organic matter",0,0
"171","Amparo",2015-07-24,"Orthoptera",0.15,1.04094897322347
"172","Amparo",2015-07-24,"Ostracoda",0.05,1.0989010989011
"173","Amparo",2015-07-24,"Philopotamidae",0,0
"174","Amparo",2015-07-24,"Plant Matter",0,0
"175","Amparo",2015-07-24,"Plecoptera",0,0
"176","Amparo",2015-07-24,"Pleidae",0,0
"177","Amparo",2015-07-24,"Pseudoscorpionida",0,0
"178","Amparo",2015-07-24,"Psocoptera",0.1,0.618792971734148
"179","Amparo",2015-07-24,"Psychodidae",0,0
"180","Amparo",2015-07-24,"Pyralidae",0,0
"181","Amparo",2015-07-24,"Scales",0,0
"182","Amparo",2015-07-24,"Sediments",0,0
"183","Amparo",2015-07-24,"Seeds and Fruits",0,0
"184","Amparo",2015-07-24,"Shrimp (L)",0,0
"185","Amparo",2015-07-24,"Simullidae",0,0
"186","Amparo",2015-07-24,"Staphynilidae",0,0
"187","Amparo",2015-07-24,"Thysanura",0,0
"188","Amparo",2015-07-24,"Tingidae",0,0
"189","Amparo",2015-07-24,"Trichoptera",0,0
"190","Amparo",2015-07-24,"Trichoptera (L)",0,0
"191","Amparo",2015-07-24,"Vellidae",0,0
"192","Amparo",2015-07-24,"Vespidae",0.25,11.6162803119325
"193","Curralinho",2015-01-20,"Amphipoda",NA,0
"194","Curralinho",2015-01-20,"Aranae",0,0
"195","Curralinho",2015-01-20,"Baetidae",0.05,100
"196","Curralinho",2015-01-20,"Caenidae",0,0
"197","Curralinho",2015-01-20,"Calamoceratidae...16",0,0
"198","Curralinho",2015-01-20,"Calamoceratidae...26",0,0
"199","Curralinho",2015-01-20,"Ceratopogonidae",0,0
"200","Curralinho",2015-01-20,"Chaoboridae",0,0
"201","Curralinho",2015-01-20,"Chironomidae (L)",0.15,10.4437229437229
"202","Curralinho",2015-01-20,"Chironomidae(pupa)",0,0
"203","Curralinho",2015-01-20,"Cladocera",0.15,10.6593406593407
"204","Curralinho",2015-01-20,"Colembola",0,0
"205","Curralinho",2015-01-20,"Coleoptera",0,0
"206","Curralinho",2015-01-20,"Coleoptera (larva)",0,0
"207","Curralinho",2015-01-20,"Copepoda",0,0
"208","Curralinho",2015-01-20,"Corixidae",0,0
"209","Curralinho",2015-01-20,"Diptera (adult)",0,0
"210","Curralinho",2015-01-20,"Diptera (pupa)",0.05,38.4615384615385
"211","Curralinho",2015-01-20,"Dytiscidae",0,0
"212","Curralinho",2015-01-20,"Elmidae",0,0
"213","Curralinho",2015-01-20,"Empididae",0,0
"214","Curralinho",2015-01-20,"Ephemeroptera",0.35,99.7658079625293
"215","Curralinho",2015-01-20,"Filamentous Algae",0.25,16.3719280796168
"216","Curralinho",2015-01-20,"Formicidae",0,0
"217","Curralinho",2015-01-20,"Gerrridae",0,0
"218","Curralinho",2015-01-20,"Helicopsychidae",0,0
"219","Curralinho",2015-01-20,"Hemiptera",0,0
"220","Curralinho",2015-01-20,"Hydracarina",0,0
"221","Curralinho",2015-01-20,"Hydropsychidae",0,0
"222","Curralinho",2015-01-20,"Hymenoptera",0,0
"223","Curralinho",2015-01-20,"Insect Remains",0.4,65.8669455544456
"224","Curralinho",2015-01-20,"Invertebrate eggs",0.05,10
"225","Curralinho",2015-01-20,"Isoptera",0,0
"226","Curralinho",2015-01-20,"Lampyridae",0,0
"227","Curralinho",2015-01-20,"Leptoceridae",0,0
"228","Curralinho",2015-01-20,"Leptohyphes",0.1,85.2112676056338
"229","Curralinho",2015-01-20,"Leptophlebiidae",0.1,91.6666666666667
"230","Curralinho",2015-01-20,"Libellulidae",0,0
"231","Curralinho",2015-01-20,"Naucoridae",0,0
"232","Curralinho",2015-01-20,"Noteridae",0,0
"233","Curralinho",2015-01-20,"Odonata (N)",0,0
"234","Curralinho",2015-01-20,"Organic matter",0.05,90.9090909090909
"235","Curralinho",2015-01-20,"Orthoptera",0,0
"236","Curralinho",2015-01-20,"Ostracoda",0.15,6.30281690140845
"237","Curralinho",2015-01-20,"Philopotamidae",0,0
"238","Curralinho",2015-01-20,"Plant Matter",0,0
"239","Curralinho",2015-01-20,"Plecoptera",0,0
"240","Curralinho",2015-01-20,"Pleidae",0,0
"241","Curralinho",2015-01-20,"Pseudoscorpionida",0,0
"242","Curralinho",2015-01-20,"Psocoptera",0,0
"243","Curralinho",2015-01-20,"Psychodidae",0.05,12.5
"244","Curralinho",2015-01-20,"Pyralidae",0,0
"245","Curralinho",2015-01-20,"Scales",0,0
"246","Curralinho",2015-01-20,"Sediments",0.05,5
"247","Curralinho",2015-01-20,"Seeds and Fruits",0,0
"248","Curralinho",2015-01-20,"Shrimp (L)",0,0
"249","Curralinho",2015-01-20,"Simullidae",0,0
"250","Curralinho",2015-01-20,"Staphynilidae",0,0
"251","Curralinho",2015-01-20,"Thysanura",0,0
"252","Curralinho",2015-01-20,"Tingidae",0,0
"253","Curralinho",2015-01-20,"Trichoptera",0,0
"254","Curralinho",2015-01-20,"Trichoptera (L)",0,0
"255","Curralinho",2015-01-20,"Vellidae",0,0
"256","Curralinho",2015-01-20,"Vespidae",0,0
"257","Curralinho",2015-04-14,"Amphipoda",0,0
"258","Curralinho",2015-04-14,"Aranae",0,0
"259","Curralinho",2015-04-14,"Baetidae",0,0
"260","Curralinho",2015-04-14,"Caenidae",0,0
"261","Curralinho",2015-04-14,"Calamoceratidae...16",0,0
"262","Curralinho",2015-04-14,"Calamoceratidae...26",0.05,3.7037037037037
"263","Curralinho",2015-04-14,"Ceratopogonidae",0,0
"264","Curralinho",2015-04-14,"Chaoboridae",0.15,59.8484848484849
"265","Curralinho",2015-04-14,"Chironomidae (L)",0.2,62.1022727272727
"266","Curralinho",2015-04-14,"Chironomidae(pupa)",0.05,33.3333333333333
"267","Curralinho",2015-04-14,"Cladocera",0.1,10.6060606060606
"268","Curralinho",2015-04-14,"Colembola",0,0
"269","Curralinho",2015-04-14,"Coleoptera",0,0
"270","Curralinho",2015-04-14,"Coleoptera (larva)",0,0
"271","Curralinho",2015-04-14,"Copepoda",0,0
"272","Curralinho",2015-04-14,"Corixidae",0,0
"273","Curralinho",2015-04-14,"Diptera (adult)",0,0
"274","Curralinho",2015-04-14,"Diptera (pupa)",0,0
"275","Curralinho",2015-04-14,"Dytiscidae",0,0
"276","Curralinho",2015-04-14,"Elmidae",0,0
"277","Curralinho",2015-04-14,"Empididae",0,0
"278","Curralinho",2015-04-14,"Ephemeroptera",0.05,25
"279","Curralinho",2015-04-14,"Filamentous Algae",0.4,53.2670454545455
"280","Curralinho",2015-04-14,"Formicidae",0.05,33.3333333333333
"281","Curralinho",2015-04-14,"Gerrridae",0.1,4.88215488215488
"282","Curralinho",2015-04-14,"Helicopsychidae",0,0
"283","Curralinho",2015-04-14,"Hemiptera",0,0
"284","Curralinho",2015-04-14,"Hydracarina",0,0
"285","Curralinho",2015-04-14,"Hydropsychidae",0.05,50
"286","Curralinho",2015-04-14,"Hymenoptera",0.05,50
"287","Curralinho",2015-04-14,"Insect Remains",0.5,38.6910774410774
"288","Curralinho",2015-04-14,"Invertebrate eggs",0.05,62.5
"289","Curralinho",2015-04-14,"Isoptera",0,0
"290","Curralinho",2015-04-14,"Lampyridae",0,0
"291","Curralinho",2015-04-14,"Leptoceridae",0,0
"292","Curralinho",2015-04-14,"Leptohyphes",0.1,95.4545454545455
"293","Curralinho",2015-04-14,"Leptophlebiidae",0,0
"294","Curralinho",2015-04-14,"Libellulidae",0,0
"295","Curralinho",2015-04-14,"Naucoridae",0,0
"296","Curralinho",2015-04-14,"Noteridae",0,0
"297","Curralinho",2015-04-14,"Odonata (N)",0,0
"298","Curralinho",2015-04-14,"Organic matter",0.05,50
"299","Curralinho",2015-04-14,"Orthoptera",0,0
"300","Curralinho",2015-04-14,"Ostracoda",0,0
"301","Curralinho",2015-04-14,"Philopotamidae",0,0
"302","Curralinho",2015-04-14,"Plant Matter",0.15,74.7474747474747
"303","Curralinho",2015-04-14,"Plecoptera",0,0
"304","Curralinho",2015-04-14,"Pleidae",0,0
"305","Curralinho",2015-04-14,"Pseudoscorpionida",0,0
"306","Curralinho",2015-04-14,"Psocoptera",0,0
"307","Curralinho",2015-04-14,"Psychodidae",0,0
"308","Curralinho",2015-04-14,"Pyralidae",0,0
"309","Curralinho",2015-04-14,"Scales",0,0
"310","Curralinho",2015-04-14,"Sediments",0,0
"311","Curralinho",2015-04-14,"Seeds and Fruits",0,0
"312","Curralinho",2015-04-14,"Shrimp (L)",0,0
"313","Curralinho",2015-04-14,"Simullidae",0,0
"314","Curralinho",2015-04-14,"Staphynilidae",0,0
"315","Curralinho",2015-04-14,"Thysanura",0,0
"316","Curralinho",2015-04-14,"Tingidae",0,0
"317","Curralinho",2015-04-14,"Trichoptera",0.05,5
"318","Curralinho",2015-04-14,"Trichoptera (L)",0,0
"319","Curralinho",2015-04-14,"Vellidae",0,0
"320","Curralinho",2015-04-14,"Vespidae",0,0
"321","Curralinho",2015-07-23,"Amphipoda",0,0
"322","Curralinho",2015-07-23,"Aranae",0,0
"323","Curralinho",2015-07-23,"Baetidae",0.2,8.27616827616828
"324","Curralinho",2015-07-23,"Caenidae",0,0
"325","Curralinho",2015-07-23,"Calamoceratidae...16",0,0
"326","Curralinho",2015-07-23,"Calamoceratidae...26",0,0
"327","Curralinho",2015-07-23,"Ceratopogonidae",0,0
"328","Curralinho",2015-07-23,"Chaoboridae",0,0
"329","Curralinho",2015-07-23,"Chironomidae (L)",0,0
"330","Curralinho",2015-07-23,"Chironomidae(pupa)",0,0
"331","Curralinho",2015-07-23,"Cladocera",0,0
"332","Curralinho",2015-07-23,"Colembola",0.85,56.5632137644028
"333","Curralinho",2015-07-23,"Coleoptera",0.05,76.9230769230769
"334","Curralinho",2015-07-23,"Coleoptera (larva)",0,0
"335","Curralinho",2015-07-23,"Copepoda",0,0
"336","Curralinho",2015-07-23,"Corixidae",0,0
"337","Curralinho",2015-07-23,"Diptera (adult)",0,0
"338","Curralinho",2015-07-23,"Diptera (pupa)",0,0
"339","Curralinho",2015-07-23,"Dytiscidae",0.05,21.2765957446809
"340","Curralinho",2015-07-23,"Elmidae",0.1,85.7142857142857
"341","Curralinho",2015-07-23,"Empididae",0,0
"342","Curralinho",2015-07-23,"Ephemeroptera",0,0
"343","Curralinho",2015-07-23,"Filamentous Algae",0,0
"344","Curralinho",2015-07-23,"Formicidae",0.15,9.03185860632669
"345","Curralinho",2015-07-23,"Gerrridae",0,0
"346","Curralinho",2015-07-23,"Helicopsychidae",0,0
"347","Curralinho",2015-07-23,"Hemiptera",0.2,51.6548463356974
"348","Curralinho",2015-07-23,"Hydracarina",0,0
"349","Curralinho",2015-07-23,"Hydropsychidae",0.05,77.7777777777778
"350","Curralinho",2015-07-23,"Hymenoptera",0,0
"351","Curralinho",2015-07-23,"Insect Remains",0.35,27.5633232016211
"352","Curralinho",2015-07-23,"Invertebrate eggs",0,0
"353","Curralinho",2015-07-23,"Isoptera",0,0
"354","Curralinho",2015-07-23,"Lampyridae",0,0
"355","Curralinho",2015-07-23,"Leptoceridae",0,0
"356","Curralinho",2015-07-23,"Leptohyphes",0,0
"357","Curralinho",2015-07-23,"Leptophlebiidae",0,0
"358","Curralinho",2015-07-23,"Libellulidae",0,0
"359","Curralinho",2015-07-23,"Naucoridae",0.05,2.12765957446809
"360","Curralinho",2015-07-23,"Noteridae",0,0
"361","Curralinho",2015-07-23,"Odonata (N)",0.05,41.6666666666667
"362","Curralinho",2015-07-23,"Organic matter",0,0
"363","Curralinho",2015-07-23,"Orthoptera",0.05,50
"364","Curralinho",2015-07-23,"Ostracoda",0.15,8.37962962962963
"365","Curralinho",2015-07-23,"Philopotamidae",0,0
"366","Curralinho",2015-07-23,"Plant Matter",0,0
"367","Curralinho",2015-07-23,"Plecoptera",0,0
"368","Curralinho",2015-07-23,"Pleidae",0,0
"369","Curralinho",2015-07-23,"Pseudoscorpionida",0,0
"370","Curralinho",2015-07-23,"Psocoptera",0.1,2.46031746031746
"371","Curralinho",2015-07-23,"Psychodidae",0,0
"372","Curralinho",2015-07-23,"Pyralidae",0.05,4.76190476190476
"373","Curralinho",2015-07-23,"Scales",0,0
"374","Curralinho",2015-07-23,"Sediments",0,0
"375","Curralinho",2015-07-23,"Seeds and Fruits",0,0
"376","Curralinho",2015-07-23,"Shrimp (L)",0,0
"377","Curralinho",2015-07-23,"Simullidae",0,0
"378","Curralinho",2015-07-23,"Staphynilidae",0.05,13.3333333333333
"379","Curralinho",2015-07-23,"Thysanura",0.05,3.33333333333333
"380","Curralinho",2015-07-23,"Tingidae",0,0
"381","Curralinho",2015-07-23,"Trichoptera",0,0
"382","Curralinho",2015-07-23,"Trichoptera (L)",0,0
"383","Curralinho",2015-07-23,"Vellidae",0,0
"384","Curralinho",2015-07-23,"Vespidae",0.2,21.4935064935065
"385","Curralinho",2015-10-20,"Amphipoda",0,0
"386","Curralinho",2015-10-20,"Aranae",0,0
"387","Curralinho",2015-10-20,"Baetidae",0.25,92.6666666666667
"388","Curralinho",2015-10-20,"Caenidae",0.05,96.7741935483871
"389","Curralinho",2015-10-20,"Calamoceratidae...16",0,0
"390","Curralinho",2015-10-20,"Calamoceratidae...26",0,0
"391","Curralinho",2015-10-20,"Ceratopogonidae",0,0
"392","Curralinho",2015-10-20,"Chaoboridae",0,0
"393","Curralinho",2015-10-20,"Chironomidae (L)",0.05,25
"394","Curralinho",2015-10-20,"Chironomidae(pupa)",0,0
"395","Curralinho",2015-10-20,"Cladocera",0.3,8.12169312169312
"396","Curralinho",2015-10-20,"Colembola",0,0
"397","Curralinho",2015-10-20,"Coleoptera",0,0
"398","Curralinho",2015-10-20,"Coleoptera (larva)",0,0
"399","Curralinho",2015-10-20,"Copepoda",0,0
"400","Curralinho",2015-10-20,"Corixidae",0,0
"401","Curralinho",2015-10-20,"Diptera (adult)",0,0
"402","Curralinho",2015-10-20,"Diptera (pupa)",0,0
"403","Curralinho",2015-10-20,"Dytiscidae",0,0
"404","Curralinho",2015-10-20,"Elmidae",0,0
"405","Curralinho",2015-10-20,"Empididae",0,0
"406","Curralinho",2015-10-20,"Ephemeroptera",0.25,67.2222222222222
"407","Curralinho",2015-10-20,"Filamentous Algae",0.3,37.6221001221001
"408","Curralinho",2015-10-20,"Formicidae",0,0
"409","Curralinho",2015-10-20,"Gerrridae",0,0
"410","Curralinho",2015-10-20,"Helicopsychidae",0,0
"411","Curralinho",2015-10-20,"Hemiptera",0,0
"412","Curralinho",2015-10-20,"Hydracarina",0.05,16.6666666666667
"413","Curralinho",2015-10-20,"Hydropsychidae",0,0
"414","Curralinho",2015-10-20,"Hymenoptera",0,0
"415","Curralinho",2015-10-20,"Insect Remains",0.4,49.4742063492063
"416","Curralinho",2015-10-20,"Invertebrate eggs",0.4,22.3290598290598
"417","Curralinho",2015-10-20,"Isoptera",0,0
"418","Curralinho",2015-10-20,"Lampyridae",0,0
"419","Curralinho",2015-10-20,"Leptoceridae",0,0
"420","Curralinho",2015-10-20,"Leptohyphes",0,0
"421","Curralinho",2015-10-20,"Leptophlebiidae",0.05,90
"422","Curralinho",2015-10-20,"Libellulidae",0,0
"423","Curralinho",2015-10-20,"Naucoridae",0,0
"424","Curralinho",2015-10-20,"Noteridae",0,0
"425","Curralinho",2015-10-20,"Odonata (N)",0,0
"426","Curralinho",2015-10-20,"Organic matter",0,0
"427","Curralinho",2015-10-20,"Orthoptera",0,0
"428","Curralinho",2015-10-20,"Ostracoda",0.05,3.2258064516129
"429","Curralinho",2015-10-20,"Philopotamidae",0,0
"430","Curralinho",2015-10-20,"Plant Matter",0,0
"431","Curralinho",2015-10-20,"Plecoptera",0,0
"432","Curralinho",2015-10-20,"Pleidae",0.1,60
"433","Curralinho",2015-10-20,"Pseudoscorpionida",0,0
"434","Curralinho",2015-10-20,"Psocoptera",0,0
"435","Curralinho",2015-10-20,"Psychodidae",0,0
"436","Curralinho",2015-10-20,"Pyralidae",0,0
"437","Curralinho",2015-10-20,"Scales",0,0
"438","Curralinho",2015-10-20,"Sediments",0,0
"439","Curralinho",2015-10-20,"Seeds and Fruits",0,0
"440","Curralinho",2015-10-20,"Shrimp (L)",0,0
"441","Curralinho",2015-10-20,"Simullidae",0,0
"442","Curralinho",2015-10-20,"Staphynilidae",0,0
"443","Curralinho",2015-10-20,"Thysanura",0,0
"444","Curralinho",2015-10-20,"Tingidae",0,0
"445","Curralinho",2015-10-20,"Trichoptera",0,0
"446","Curralinho",2015-10-20,"Trichoptera (L)",0,0
"447","Curralinho",2015-10-20,"Vellidae",0,0
"448","Curralinho",2015-10-20,"Vespidae",0,0
"449","Gararu",2015-04-15,"Amphipoda",0.05,10.8695652173913
"450","Gararu",2015-04-15,"Aranae",0.05,50
"451","Gararu",2015-04-15,"Baetidae",0.05,8.69565217391304
"452","Gararu",2015-04-15,"Caenidae",0,0
"453","Gararu",2015-04-15,"Calamoceratidae...16",0,0
"454","Gararu",2015-04-15,"Calamoceratidae...26",0,0
"455","Gararu",2015-04-15,"Ceratopogonidae",0,0
"456","Gararu",2015-04-15,"Chaoboridae",0.05,4.34782608695652
"457","Gararu",2015-04-15,"Chironomidae (L)",0.1,27.536231884058
"458","Gararu",2015-04-15,"Chironomidae(pupa)",0.05,7.09219858156028
"459","Gararu",2015-04-15,"Cladocera",0.5,13.7377062884695
"460","Gararu",2015-04-15,"Colembola",0,0
"461","Gararu",2015-04-15,"Coleoptera",0,0
"462","Gararu",2015-04-15,"Coleoptera (larva)",0,0
"463","Gararu",2015-04-15,"Copepoda",0,0
"464","Gararu",2015-04-15,"Corixidae",0,0
"465","Gararu",2015-04-15,"Diptera (adult)",0,0
"466","Gararu",2015-04-15,"Diptera (pupa)",0,0
"467","Gararu",2015-04-15,"Dytiscidae",0.05,88.8888888888889
"468","Gararu",2015-04-15,"Elmidae",0,0
"469","Gararu",2015-04-15,"Empididae",0.05,7.09219858156028
"470","Gararu",2015-04-15,"Ephemeroptera",0.05,28.3687943262411
"471","Gararu",2015-04-15,"Filamentous Algae",0.35,66.9594794439515
"472","Gararu",2015-04-15,"Formicidae",0.1,61.9047619047619
"473","Gararu",2015-04-15,"Gerrridae",0,0
"474","Gararu",2015-04-15,"Helicopsychidae",0,0
"475","Gararu",2015-04-15,"Hemiptera",0,0
"476","Gararu",2015-04-15,"Hydracarina",0.05,1.96078431372549
"477","Gararu",2015-04-15,"Hydropsychidae",0,0
"478","Gararu",2015-04-15,"Hymenoptera",0,0
"479","Gararu",2015-04-15,"Insect Remains",0.45,30.4520451131704
"480","Gararu",2015-04-15,"Invertebrate eggs",0,0
"481","Gararu",2015-04-15,"Isoptera",0,0
"482","Gararu",2015-04-15,"Lampyridae",0,0
"483","Gararu",2015-04-15,"Leptoceridae",0,0
"484","Gararu",2015-04-15,"Leptohyphes",0,0
"485","Gararu",2015-04-15,"Leptophlebiidae",0,0
"486","Gararu",2015-04-15,"Libellulidae",0,0
"487","Gararu",2015-04-15,"Naucoridae",0,0
"488","Gararu",2015-04-15,"Noteridae",0,0
"489","Gararu",2015-04-15,"Odonata (N)",0,0
"490","Gararu",2015-04-15,"Organic matter",0.25,46.2805549097109
"491","Gararu",2015-04-15,"Orthoptera",0,0
"492","Gararu",2015-04-15,"Ostracoda",0.25,18.71790152161
"493","Gararu",2015-04-15,"Philopotamidae",0.05,13.0434782608696
"494","Gararu",2015-04-15,"Plant Matter",0,0
"495","Gararu",2015-04-15,"Plecoptera",0.05,8.69565217391304
"496","Gararu",2015-04-15,"Pleidae",0,0
"497","Gararu",2015-04-15,"Pseudoscorpionida",0,0
"498","Gararu",2015-04-15,"Psocoptera",0,0
"499","Gararu",2015-04-15,"Psychodidae",0,0
"500","Gararu",2015-04-15,"Pyralidae",0,0
"501","Gararu",2015-04-15,"Scales",0,0
"502","Gararu",2015-04-15,"Sediments",0,0
"503","Gararu",2015-04-15,"Seeds and Fruits",0,0
"504","Gararu",2015-04-15,"Shrimp (L)",0.45,42.9898740722052
"505","Gararu",2015-04-15,"Simullidae",0,0
"506","Gararu",2015-04-15,"Staphynilidae",0,0
"507","Gararu",2015-04-15,"Thysanura",0,0
"508","Gararu",2015-04-15,"Tingidae",0,0
"509","Gararu",2015-04-15,"Trichoptera",0,0
"510","Gararu",2015-04-15,"Trichoptera (L)",0,0
"511","Gararu",2015-04-15,"Vellidae",0,0
"512","Gararu",2015-04-15,"Vespidae",0,0
"513","Gararu",2015-07-24,"Amphipoda",0,0
"514","Gararu",2015-07-24,"Aranae",0,0
"515","Gararu",2015-07-24,"Baetidae",0.222222222222222,17.9643399642839
"516","Gararu",2015-07-24,"Caenidae",0,0
"517","Gararu",2015-07-24,"Calamoceratidae...16",0,0
"518","Gararu",2015-07-24,"Calamoceratidae...26",0,0
"519","Gararu",2015-07-24,"Ceratopogonidae",0,0
"520","Gararu",2015-07-24,"Chaoboridae",0.111111111111111,22.8964401294498
"521","Gararu",2015-07-24,"Chironomidae (L)",0.611111111111111,4.47779430641685
"522","Gararu",2015-07-24,"Chironomidae(pupa)",0.5,9.73982181826344
"523","Gararu",2015-07-24,"Cladocera",0,0
"524","Gararu",2015-07-24,"Colembola",0.0555555555555556,0.515463917525773
"525","Gararu",2015-07-24,"Coleoptera",0.111111111111111,6.43451555379433
"526","Gararu",2015-07-24,"Coleoptera (larva)",0,0
"527","Gararu",2015-07-24,"Copepoda",0,0
"528","Gararu",2015-07-24,"Corixidae",0,0
"529","Gararu",2015-07-24,"Diptera (adult)",0.0555555555555556,0.793650793650794
"530","Gararu",2015-07-24,"Diptera (pupa)",0.0555555555555556,16.1290322580645
"531","Gararu",2015-07-24,"Dytiscidae",0,0
"532","Gararu",2015-07-24,"Elmidae",0,0
"533","Gararu",2015-07-24,"Empididae",0,0
"534","Gararu",2015-07-24,"Ephemeroptera",0.333333333333333,66.5291357621995
"535","Gararu",2015-07-24,"Filamentous Algae",0,0
"536","Gararu",2015-07-24,"Formicidae",0.666666666666667,37.0193081271562
"537","Gararu",2015-07-24,"Gerrridae",0.0555555555555556,4.83870967741935
"538","Gararu",2015-07-24,"Helicopsychidae",0.0555555555555556,0.793650793650794
"539","Gararu",2015-07-24,"Hemiptera",0.111111111111111,2.25773195876289
"540","Gararu",2015-07-24,"Hydracarina",0,0
"541","Gararu",2015-07-24,"Hydropsychidae",0.0555555555555556,5.88235294117647
"542","Gararu",2015-07-24,"Hymenoptera",0.111111111111111,3.55578024941018
"543","Gararu",2015-07-24,"Insect Remains",0.611111111111111,35.6009577530089
"544","Gararu",2015-07-24,"Invertebrate eggs",0.0555555555555556,1.02040816326531
"545","Gararu",2015-07-24,"Isoptera",0,0
"546","Gararu",2015-07-24,"Lampyridae",0,0
"547","Gararu",2015-07-24,"Leptoceridae",0,0
"548","Gararu",2015-07-24,"Leptohyphes",0.0555555555555556,58.8235294117647
"549","Gararu",2015-07-24,"Leptophlebiidae",0,0
"550","Gararu",2015-07-24,"Libellulidae",0.0555555555555556,10.2040816326531
"551","Gararu",2015-07-24,"Naucoridae",0,0
"552","Gararu",2015-07-24,"Noteridae",0,0
"553","Gararu",2015-07-24,"Odonata (N)",0.111111111111111,26.1935483870968
"554","Gararu",2015-07-24,"Organic matter",0,0
"555","Gararu",2015-07-24,"Orthoptera",0,0
"556","Gararu",2015-07-24,"Ostracoda",0.166666666666667,1.68641478500633
"557","Gararu",2015-07-24,"Philopotamidae",0,0
"558","Gararu",2015-07-24,"Plant Matter",0,0
"559","Gararu",2015-07-24,"Plecoptera",0,0
"560","Gararu",2015-07-24,"Pleidae",0,0
"561","Gararu",2015-07-24,"Pseudoscorpionida",0.111111111111111,2.00077952449006
"562","Gararu",2015-07-24,"Psocoptera",0.333333333333333,2.50968276720336
"563","Gararu",2015-07-24,"Psychodidae",0,0
"564","Gararu",2015-07-24,"Pyralidae",0.0555555555555556,8
"565","Gararu",2015-07-24,"Scales",0,0
"566","Gararu",2015-07-24,"Sediments",0.0555555555555556,5.88235294117647
"567","Gararu",2015-07-24,"Seeds and Fruits",0,0
"568","Gararu",2015-07-24,"Shrimp (L)",0.277777777777778,1.97920105447807
"569","Gararu",2015-07-24,"Simullidae",0.111111111111111,0.877782758105483
"570","Gararu",2015-07-24,"Staphynilidae",0.0555555555555556,0.709219858156028
"571","Gararu",2015-07-24,"Thysanura",0.222222222222222,3.88468033309631
"572","Gararu",2015-07-24,"Tingidae",0.0555555555555556,12.621359223301
"573","Gararu",2015-07-24,"Trichoptera",0,0
"574","Gararu",2015-07-24,"Trichoptera (L)",0.222222222222222,1.26287436433199
"575","Gararu",2015-07-24,"Vellidae",0.111111111111111,0.6609577652145
"576","Gararu",2015-07-24,"Vespidae",0.388888888888889,7.09128710584907
"577","Gararu",2015-10-21,"Amphipoda",0,0
"578","Gararu",2015-10-21,"Aranae",0,0
"579","Gararu",2015-10-21,"Baetidae",0.25,49.6374269005848
"580","Gararu",2015-10-21,"Caenidae",0,0
"581","Gararu",2015-10-21,"Calamoceratidae...16",0,0
"582","Gararu",2015-10-21,"Calamoceratidae...26",0,0
"583","Gararu",2015-10-21,"Ceratopogonidae",0,0
"584","Gararu",2015-10-21,"Chaoboridae",0,0
"585","Gararu",2015-10-21,"Chironomidae (L)",0.1,12
"586","Gararu",2015-10-21,"Chironomidae(pupa)",0,0
"587","Gararu",2015-10-21,"Cladocera",0.1,10.3333333333333
"588","Gararu",2015-10-21,"Colembola",0,0
"589","Gararu",2015-10-21,"Coleoptera",0,0
"590","Gararu",2015-10-21,"Coleoptera (larva)",0,0
"591","Gararu",2015-10-21,"Copepoda",0.05,10
"592","Gararu",2015-10-21,"Corixidae",0.05,66.6666666666667
"593","Gararu",2015-10-21,"Diptera (adult)",0,0
"594","Gararu",2015-10-21,"Diptera (pupa)",0,0
"595","Gararu",2015-10-21,"Dytiscidae",0,0
"596","Gararu",2015-10-21,"Elmidae",0,0
"597","Gararu",2015-10-21,"Empididae",0,0
"598","Gararu",2015-10-21,"Ephemeroptera",0.15,67.1428571428572
"599","Gararu",2015-10-21,"Filamentous Algae",0.75,50.2080757449178
"600","Gararu",2015-10-21,"Formicidae",0.3,37.266081871345
"601","Gararu",2015-10-21,"Gerrridae",0,0
"602","Gararu",2015-10-21,"Helicopsychidae",0,0
"603","Gararu",2015-10-21,"Hemiptera",0,0
"604","Gararu",2015-10-21,"Hydracarina",0,0
"605","Gararu",2015-10-21,"Hydropsychidae",0,0
"606","Gararu",2015-10-21,"Hymenoptera",0,0
"607","Gararu",2015-10-21,"Insect Remains",0.4,48.8194444444444
"608","Gararu",2015-10-21,"Invertebrate eggs",0,0
"609","Gararu",2015-10-21,"Isoptera",0,0
"610","Gararu",2015-10-21,"Lampyridae",0,0
"611","Gararu",2015-10-21,"Leptoceridae",0,0
"612","Gararu",2015-10-21,"Leptohyphes",0,0
"613","Gararu",2015-10-21,"Leptophlebiidae",0,0
"614","Gararu",2015-10-21,"Libellulidae",0,0
"615","Gararu",2015-10-21,"Naucoridae",0,0
"616","Gararu",2015-10-21,"Noteridae",0.05,27.7777777777778
"617","Gararu",2015-10-21,"Odonata (N)",0,0
"618","Gararu",2015-10-21,"Organic matter",0,0
"619","Gararu",2015-10-21,"Orthoptera",0,0
"620","Gararu",2015-10-21,"Ostracoda",0.25,6.8
"621","Gararu",2015-10-21,"Philopotamidae",0,0
"622","Gararu",2015-10-21,"Plant Matter",0,0
"623","Gararu",2015-10-21,"Plecoptera",0,0
"624","Gararu",2015-10-21,"Pleidae",0,0
"625","Gararu",2015-10-21,"Pseudoscorpionida",0,0
"626","Gararu",2015-10-21,"Psocoptera",0,0
"627","Gararu",2015-10-21,"Psychodidae",0,0
"628","Gararu",2015-10-21,"Pyralidae",0,0
"629","Gararu",2015-10-21,"Scales",0,0
"630","Gararu",2015-10-21,"Sediments",0,0
"631","Gararu",2015-10-21,"Seeds and Fruits",0,0
"632","Gararu",2015-10-21,"Shrimp (L)",0,0
"633","Gararu",2015-10-21,"Simullidae",0,0
"634","Gararu",2015-10-21,"Staphynilidae",0,0
"635","Gararu",2015-10-21,"Thysanura",0,0
"636","Gararu",2015-10-21,"Tingidae",0,0
"637","Gararu",2015-10-21,"Trichoptera",0,0
"638","Gararu",2015-10-21,"Trichoptera (L)",0,0
"639","Gararu",2015-10-21,"Vellidae",0,0
"640","Gararu",2015-10-21,"Vespidae",0,0
"641","Ilha do Ouro",2015-07-23,"Amphipoda",0.166666666666667,14.7619047619048
"642","Ilha do Ouro",2015-07-23,"Aranae",0.0555555555555556,7.14285714285714
"643","Ilha do Ouro",2015-07-23,"Baetidae",0.166666666666667,75
"644","Ilha do Ouro",2015-07-23,"Caenidae",0,0
"645","Ilha do Ouro",2015-07-23,"Calamoceratidae...16",0,0
"646","Ilha do Ouro",2015-07-23,"Calamoceratidae...26",0,0
"647","Ilha do Ouro",2015-07-23,"Ceratopogonidae",0.0555555555555556,16.1290322580645
"648","Ilha do Ouro",2015-07-23,"Chaoboridae",0,0
"649","Ilha do Ouro",2015-07-23,"Chironomidae (L)",0.5,13.8390912840665
"650","Ilha do Ouro",2015-07-23,"Chironomidae(pupa)",0,0
"651","Ilha do Ouro",2015-07-23,"Cladocera",0.5,13.7935369903793
"652","Ilha do Ouro",2015-07-23,"Colembola",0,0
"653","Ilha do Ouro",2015-07-23,"Coleoptera",0,0
"654","Ilha do Ouro",2015-07-23,"Coleoptera (larva)",0,0
"655","Ilha do Ouro",2015-07-23,"Copepoda",0.111111111111111,5
"656","Ilha do Ouro",2015-07-23,"Corixidae",0,0
"657","Ilha do Ouro",2015-07-23,"Diptera (adult)",0,0
"658","Ilha do Ouro",2015-07-23,"Diptera (pupa)",0,0
"659","Ilha do Ouro",2015-07-23,"Dytiscidae",0,0
"660","Ilha do Ouro",2015-07-23,"Elmidae",0,0
"661","Ilha do Ouro",2015-07-23,"Empididae",0,0
"662","Ilha do Ouro",2015-07-23,"Ephemeroptera",0.166666666666667,85.8585858585859
"663","Ilha do Ouro",2015-07-23,"Filamentous Algae",0.388888888888889,35.5357142857143
"664","Ilha do Ouro",2015-07-23,"Formicidae",0,0
"665","Ilha do Ouro",2015-07-23,"Gerrridae",0.0555555555555556,5
"666","Ilha do Ouro",2015-07-23,"Helicopsychidae",0,0
"667","Ilha do Ouro",2015-07-23,"Hemiptera",0,0
"668","Ilha do Ouro",2015-07-23,"Hydracarina",0,0
"669","Ilha do Ouro",2015-07-23,"Hydropsychidae",0,0
"670","Ilha do Ouro",2015-07-23,"Hymenoptera",0,0
"671","Ilha do Ouro",2015-07-23,"Insect Remains",0.5,41.0603517685911
"672","Ilha do Ouro",2015-07-23,"Invertebrate eggs",0,0
"673","Ilha do Ouro",2015-07-23,"Isoptera",0,0
"674","Ilha do Ouro",2015-07-23,"Lampyridae",0,0
"675","Ilha do Ouro",2015-07-23,"Leptoceridae",0,0
"676","Ilha do Ouro",2015-07-23,"Leptohyphes",0,0
"677","Ilha do Ouro",2015-07-23,"Leptophlebiidae",0.0555555555555556,80
"678","Ilha do Ouro",2015-07-23,"Libellulidae",0,0
"679","Ilha do Ouro",2015-07-23,"Naucoridae",0,0
"680","Ilha do Ouro",2015-07-23,"Noteridae",0,0
"681","Ilha do Ouro",2015-07-23,"Odonata (N)",0,0
"682","Ilha do Ouro",2015-07-23,"Organic matter",0.166666666666667,38.7263667358081
"683","Ilha do Ouro",2015-07-23,"Orthoptera",0,0
"684","Ilha do Ouro",2015-07-23,"Ostracoda",0.166666666666667,9.6969696969697
"685","Ilha do Ouro",2015-07-23,"Philopotamidae",0,0
"686","Ilha do Ouro",2015-07-23,"Plant Matter",0,0
"687","Ilha do Ouro",2015-07-23,"Plecoptera",0,0
"688","Ilha do Ouro",2015-07-23,"Pleidae",0,0
"689","Ilha do Ouro",2015-07-23,"Pseudoscorpionida",0,0
"690","Ilha do Ouro",2015-07-23,"Psocoptera",0,0
"691","Ilha do Ouro",2015-07-23,"Psychodidae",0,0
"692","Ilha do Ouro",2015-07-23,"Pyralidae",0,0
"693","Ilha do Ouro",2015-07-23,"Scales",0,0
"694","Ilha do Ouro",2015-07-23,"Sediments",0.111111111111111,29.0513833992095
"695","Ilha do Ouro",2015-07-23,"Seeds and Fruits",0,0
"696","Ilha do Ouro",2015-07-23,"Shrimp (L)",0,0
"697","Ilha do Ouro",2015-07-23,"Simullidae",0,0
"698","Ilha do Ouro",2015-07-23,"Staphynilidae",0,0
"699","Ilha do Ouro",2015-07-23,"Thysanura",0,0
"700","Ilha do Ouro",2015-07-23,"Tingidae",0,0
"701","Ilha do Ouro",2015-07-23,"Trichoptera",0,0
"702","Ilha do Ouro",2015-07-23,"Trichoptera (L)",0,0
"703","Ilha do Ouro",2015-07-23,"Vellidae",0,0
"704","Ilha do Ouro",2015-07-23,"Vespidae",0.0555555555555556,84.5070422535211
"705","Ilha do ouro",2015-01-20,"Amphipoda",0,0
"706","Ilha do ouro",2015-01-20,"Aranae",0,0
"707","Ilha do ouro",2015-01-20,"Baetidae",0.1,100
"708","Ilha do ouro",2015-01-20,"Caenidae",0,0
"709","Ilha do ouro",2015-01-20,"Calamoceratidae...16",0,0
"710","Ilha do ouro",2015-01-20,"Calamoceratidae...26",0,0
"711","Ilha do ouro",2015-01-20,"Ceratopogonidae",0,0
"712","Ilha do ouro",2015-01-20,"Chaoboridae",0.05,9.09090909090909
"713","Ilha do ouro",2015-01-20,"Chironomidae (L)",0.1,37.8787878787879
"714","Ilha do ouro",2015-01-20,"Chironomidae(pupa)",0.15,65.4565456545655
"715","Ilha do ouro",2015-01-20,"Cladocera",0,0
"716","Ilha do ouro",2015-01-20,"Colembola",0,0
"717","Ilha do ouro",2015-01-20,"Coleoptera",0,0
"718","Ilha do ouro",2015-01-20,"Coleoptera (larva)",0,0
"719","Ilha do ouro",2015-01-20,"Copepoda",0,0
"720","Ilha do ouro",2015-01-20,"Corixidae",0,0
"721","Ilha do ouro",2015-01-20,"Diptera (adult)",0.05,8.33333333333333
"722","Ilha do ouro",2015-01-20,"Diptera (pupa)",0,0
"723","Ilha do ouro",2015-01-20,"Dytiscidae",0,0
"724","Ilha do ouro",2015-01-20,"Elmidae",0,0
"725","Ilha do ouro",2015-01-20,"Empididae",0,0
"726","Ilha do ouro",2015-01-20,"Ephemeroptera",0.25,75.6907119283357
"727","Ilha do ouro",2015-01-20,"Filamentous Algae",0.2,35.4166666666667
"728","Ilha do ouro",2015-01-20,"Formicidae",0.1,9.11716171617162
"729","Ilha do ouro",2015-01-20,"Gerrridae",0,0
"730","Ilha do ouro",2015-01-20,"Helicopsychidae",0,0
"731","Ilha do ouro",2015-01-20,"Hemiptera",0,0
"732","Ilha do ouro",2015-01-20,"Hydracarina",0,0
"733","Ilha do ouro",2015-01-20,"Hydropsychidae",0.1,7.63790664780764
"734","Ilha do ouro",2015-01-20,"Hymenoptera",0,0
"735","Ilha do ouro",2015-01-20,"Insect Remains",0.4,62.8219696969697
"736","Ilha do ouro",2015-01-20,"Invertebrate eggs",0,0
"737","Ilha do ouro",2015-01-20,"Isoptera",0,0
"738","Ilha do ouro",2015-01-20,"Lampyridae",0,0
"739","Ilha do ouro",2015-01-20,"Leptoceridae",0,0
"740","Ilha do ouro",2015-01-20,"Leptohyphes",0,0
"741","Ilha do ouro",2015-01-20,"Leptophlebiidae",0.1,100
"742","Ilha do ouro",2015-01-20,"Libellulidae",0,0
"743","Ilha do ouro",2015-01-20,"Naucoridae",0,0
"744","Ilha do ouro",2015-01-20,"Noteridae",0.05,33.3333333333333
"745","Ilha do ouro",2015-01-20,"Odonata (N)",0,0
"746","Ilha do ouro",2015-01-20,"Organic matter",0,0
"747","Ilha do ouro",2015-01-20,"Orthoptera",0,0
"748","Ilha do ouro",2015-01-20,"Ostracoda",0.05,30
"749","Ilha do ouro",2015-01-20,"Philopotamidae",0,0
"750","Ilha do ouro",2015-01-20,"Plant Matter",0.05,90.9090909090909
"751","Ilha do ouro",2015-01-20,"Plecoptera",0,0
"752","Ilha do ouro",2015-01-20,"Pleidae",0,0
"753","Ilha do ouro",2015-01-20,"Pseudoscorpionida",0,0
"754","Ilha do ouro",2015-01-20,"Psocoptera",0,0
"755","Ilha do ouro",2015-01-20,"Psychodidae",0.05,33.3333333333333
"756","Ilha do ouro",2015-01-20,"Pyralidae",0,0
"757","Ilha do ouro",2015-01-20,"Scales",0.05,16.6666666666667
"758","Ilha do ouro",2015-01-20,"Sediments",0,0
"759","Ilha do ouro",2015-01-20,"Seeds and Fruits",0.05,50
"760","Ilha do ouro",2015-01-20,"Shrimp (L)",0,0
"761","Ilha do ouro",2015-01-20,"Simullidae",0,0
"762","Ilha do ouro",2015-01-20,"Staphynilidae",0,0
"763","Ilha do ouro",2015-01-20,"Thysanura",0,0
"764","Ilha do ouro",2015-01-20,"Tingidae",0,0
"765","Ilha do ouro",2015-01-20,"Trichoptera",0,0
"766","Ilha do ouro",2015-01-20,"Trichoptera (L)",0,0
"767","Ilha do ouro",2015-01-20,"Vellidae",0,0
"768","Ilha do ouro",2015-01-20,"Vespidae",0,0
"769","Ilha do ouro",2015-04-14,"Amphipoda",0.05,5.66037735849057
"770","Ilha do ouro",2015-04-14,"Aranae",0,0
"771","Ilha do ouro",2015-04-14,"Baetidae",0,0
"772","Ilha do ouro",2015-04-14,"Caenidae",0,0
"773","Ilha do ouro",2015-04-14,"Calamoceratidae...16",0,0
"774","Ilha do ouro",2015-04-14,"Calamoceratidae...26",0,0
"775","Ilha do ouro",2015-04-14,"Ceratopogonidae",0,0
"776","Ilha do ouro",2015-04-14,"Chaoboridae",0,0
"777","Ilha do ouro",2015-04-14,"Chironomidae (L)",0.05,9.43396226415094
"778","Ilha do ouro",2015-04-14,"Chironomidae(pupa)",0,0
"779","Ilha do ouro",2015-04-14,"Cladocera",0.2,13.2831686133573
"780","Ilha do ouro",2015-04-14,"Colembola",0,0
"781","Ilha do ouro",2015-04-14,"Coleoptera",0,0
"782","Ilha do ouro",2015-04-14,"Coleoptera (larva)",0,0
"783","Ilha do ouro",2015-04-14,"Copepoda",0,0
"784","Ilha do ouro",2015-04-14,"Corixidae",0,0
"785","Ilha do ouro",2015-04-14,"Diptera (adult)",0,0
"786","Ilha do ouro",2015-04-14,"Diptera (pupa)",0,0
"787","Ilha do ouro",2015-04-14,"Dytiscidae",0,0
"788","Ilha do ouro",2015-04-14,"Elmidae",0,0
"789","Ilha do ouro",2015-04-14,"Empididae",0,0
"790","Ilha do ouro",2015-04-14,"Ephemeroptera",0,0
"791","Ilha do ouro",2015-04-14,"Filamentous Algae",0.95,84.4424096261236
"792","Ilha do ouro",2015-04-14,"Formicidae",0,0
"793","Ilha do ouro",2015-04-14,"Gerrridae",0,0
"794","Ilha do ouro",2015-04-14,"Helicopsychidae",0,0
"795","Ilha do ouro",2015-04-14,"Hemiptera",0,0
"796","Ilha do ouro",2015-04-14,"Hydracarina",0,0
"797","Ilha do ouro",2015-04-14,"Hydropsychidae",0,0
"798","Ilha do ouro",2015-04-14,"Hymenoptera",0,0
"799","Ilha do ouro",2015-04-14,"Insect Remains",0.25,33.4322469982847
"800","Ilha do ouro",2015-04-14,"Invertebrate eggs",0,0
"801","Ilha do ouro",2015-04-14,"Isoptera",0,0
"802","Ilha do ouro",2015-04-14,"Lampyridae",0,0
"803","Ilha do ouro",2015-04-14,"Leptoceridae",0,0
"804","Ilha do ouro",2015-04-14,"Leptohyphes",0,0
"805","Ilha do ouro",2015-04-14,"Leptophlebiidae",0,0
"806","Ilha do ouro",2015-04-14,"Libellulidae",0,0
"807","Ilha do ouro",2015-04-14,"Naucoridae",0,0
"808","Ilha do ouro",2015-04-14,"Noteridae",0,0
"809","Ilha do ouro",2015-04-14,"Odonata (N)",0,0
"810","Ilha do ouro",2015-04-14,"Organic matter",0,0
"811","Ilha do ouro",2015-04-14,"Orthoptera",0,0
"812","Ilha do ouro",2015-04-14,"Ostracoda",0.3,6.97215869385681
"813","Ilha do ouro",2015-04-14,"Philopotamidae",0,0
"814","Ilha do ouro",2015-04-14,"Plant Matter",0,0
"815","Ilha do ouro",2015-04-14,"Plecoptera",0,0
"816","Ilha do ouro",2015-04-14,"Pleidae",0,0
"817","Ilha do ouro",2015-04-14,"Pseudoscorpionida",0,0
"818","Ilha do ouro",2015-04-14,"Psocoptera",0,0
"819","Ilha do ouro",2015-04-14,"Psychodidae",0,0
"820","Ilha do ouro",2015-04-14,"Pyralidae",0,0
"821","Ilha do ouro",2015-04-14,"Scales",0.05,53.5714285714286
"822","Ilha do ouro",2015-04-14,"Sediments",0.15,16.3095238095238
"823","Ilha do ouro",2015-04-14,"Seeds and Fruits",0,0
"824","Ilha do ouro",2015-04-14,"Shrimp (L)",0.1,7.93650793650794
"825","Ilha do ouro",2015-04-14,"Simullidae",0,0
"826","Ilha do ouro",2015-04-14,"Staphynilidae",0,0
"827","Ilha do ouro",2015-04-14,"Thysanura",0,0
"828","Ilha do ouro",2015-04-14,"Tingidae",0,0
"829","Ilha do ouro",2015-04-14,"Trichoptera",0,0
"830","Ilha do ouro",2015-04-14,"Trichoptera (L)",0,0
"831","Ilha do ouro",2015-04-14,"Vellidae",0,0
"832","Ilha do ouro",2015-04-14,"Vespidae",0,0
"833","Ilha do ouro",2015-10-20,"Amphipoda",0,0
"834","Ilha do ouro",2015-10-20,"Aranae",0,0
"835","Ilha do ouro",2015-10-20,"Baetidae",0.105263157894737,14.1666666666667
"836","Ilha do ouro",2015-10-20,"Caenidae",0,0
"837","Ilha do ouro",2015-10-20,"Calamoceratidae...16",0,0
"838","Ilha do ouro",2015-10-20,"Calamoceratidae...26",0,0
"839","Ilha do ouro",2015-10-20,"Ceratopogonidae",0,0
"840","Ilha do ouro",2015-10-20,"Chaoboridae",0,0
"841","Ilha do ouro",2015-10-20,"Chironomidae (L)",0,0
"842","Ilha do ouro",2015-10-20,"Chironomidae(pupa)",0,0
"843","Ilha do ouro",2015-10-20,"Cladocera",0,0
"844","Ilha do ouro",2015-10-20,"Colembola",0,0
"845","Ilha do ouro",2015-10-20,"Coleoptera",0,0
"846","Ilha do ouro",2015-10-20,"Coleoptera (larva)",0,0
"847","Ilha do ouro",2015-10-20,"Copepoda",0,0
"848","Ilha do ouro",2015-10-20,"Corixidae",0,0
"849","Ilha do ouro",2015-10-20,"Diptera (adult)",0,0
"850","Ilha do ouro",2015-10-20,"Diptera (pupa)",0.0526315789473684,4.76190476190476
"851","Ilha do ouro",2015-10-20,"Dytiscidae",0,0
"852","Ilha do ouro",2015-10-20,"Elmidae",0,0
"853","Ilha do ouro",2015-10-20,"Empididae",0,0
"854","Ilha do ouro",2015-10-20,"Ephemeroptera",0,0
"855","Ilha do ouro",2015-10-20,"Filamentous Algae",1,91.9423558897243
"856","Ilha do ouro",2015-10-20,"Formicidae",0.0526315789473684,25
"857","Ilha do ouro",2015-10-20,"Gerrridae",0,0
"858","Ilha do ouro",2015-10-20,"Helicopsychidae",0,0
"859","Ilha do ouro",2015-10-20,"Hemiptera",0,0
"860","Ilha do ouro",2015-10-20,"Hydracarina",0,0
"861","Ilha do ouro",2015-10-20,"Hydropsychidae",0,0
"862","Ilha do ouro",2015-10-20,"Hymenoptera",0,0
"863","Ilha do ouro",2015-10-20,"Insect Remains",0.0526315789473684,50
"864","Ilha do ouro",2015-10-20,"Invertebrate eggs",0,0
"865","Ilha do ouro",2015-10-20,"Isoptera",0,0
"866","Ilha do ouro",2015-10-20,"Lampyridae",0,0
"867","Ilha do ouro",2015-10-20,"Leptoceridae",0,0
"868","Ilha do ouro",2015-10-20,"Leptohyphes",0,0
"869","Ilha do ouro",2015-10-20,"Leptophlebiidae",0,0
"870","Ilha do ouro",2015-10-20,"Libellulidae",0,0
"871","Ilha do ouro",2015-10-20,"Naucoridae",0,0
"872","Ilha do ouro",2015-10-20,"Noteridae",0,0
"873","Ilha do ouro",2015-10-20,"Odonata (N)",0,0
"874","Ilha do ouro",2015-10-20,"Organic matter",0,0
"875","Ilha do ouro",2015-10-20,"Orthoptera",0,0
"876","Ilha do ouro",2015-10-20,"Ostracoda",0.0526315789473684,3.33333333333333
"877","Ilha do ouro",2015-10-20,"Philopotamidae",0.0526315789473684,16.6666666666667
"878","Ilha do ouro",2015-10-20,"Plant Matter",0,0
"879","Ilha do ouro",2015-10-20,"Plecoptera",0,0
"880","Ilha do ouro",2015-10-20,"Pleidae",0,0
"881","Ilha do ouro",2015-10-20,"Pseudoscorpionida",0,0
"882","Ilha do ouro",2015-10-20,"Psocoptera",0,0
"883","Ilha do ouro",2015-10-20,"Psychodidae",0,0
"884","Ilha do ouro",2015-10-20,"Pyralidae",0,0
"885","Ilha do ouro",2015-10-20,"Scales",0.0526315789473684,25
"886","Ilha do ouro",2015-10-20,"Sediments",0,0
"887","Ilha do ouro",2015-10-20,"Seeds and Fruits",0,0
"888","Ilha do ouro",2015-10-20,"Shrimp (L)",0,0
"889","Ilha do ouro",2015-10-20,"Simullidae",0,0
"890","Ilha do ouro",2015-10-20,"Staphynilidae",0,0
"891","Ilha do ouro",2015-10-20,"Thysanura",0,0
"892","Ilha do ouro",2015-10-20,"Tingidae",0,0
"893","Ilha do ouro",2015-10-20,"Trichoptera",0,0
"894","Ilha do ouro",2015-10-20,"Trichoptera (L)",0,0
"895","Ilha do ouro",2015-10-20,"Vellidae",0,0
"896","Ilha do ouro",2015-10-20,"Vespidae",0,0
"897","Niterói",2015-01-20,"Amphipoda",0,0
"898","Niterói",2015-01-20,"Aranae",0,0
"899","Niterói",2015-01-20,"Baetidae",0.2,82.7380952380952
"900","Niterói",2015-01-20,"Caenidae",0,0
"901","Niterói",2015-01-20,"Calamoceratidae...16",0,0
"902","Niterói",2015-01-20,"Calamoceratidae...26",0,0
"903","Niterói",2015-01-20,"Ceratopogonidae",0,0
"904","Niterói",2015-01-20,"Chaoboridae",0,0
"905","Niterói",2015-01-20,"Chironomidae (L)",0.5,32.9586404110794
"906","Niterói",2015-01-20,"Chironomidae(pupa)",0,0
"907","Niterói",2015-01-20,"Cladocera",0.05,2
"908","Niterói",2015-01-20,"Colembola",0,0
"909","Niterói",2015-01-20,"Coleoptera",0.1,71.256038647343
"910","Niterói",2015-01-20,"Coleoptera (larva)",0,0
"911","Niterói",2015-01-20,"Copepoda",0,0
"912","Niterói",2015-01-20,"Corixidae",0,0
"913","Niterói",2015-01-20,"Diptera (adult)",0,0
"914","Niterói",2015-01-20,"Diptera (pupa)",0,0
"915","Niterói",2015-01-20,"Dytiscidae",0,0
"916","Niterói",2015-01-20,"Elmidae",0,0
"917","Niterói",2015-01-20,"Empididae",0,0
"918","Niterói",2015-01-20,"Ephemeroptera",0,0
"919","Niterói",2015-01-20,"Filamentous Algae",0.4,56.6183943089431
"920","Niterói",2015-01-20,"Formicidae",0.05,100
"921","Niterói",2015-01-20,"Gerrridae",0,0
"922","Niterói",2015-01-20,"Helicopsychidae",0,0
"923","Niterói",2015-01-20,"Hemiptera",0,0
"924","Niterói",2015-01-20,"Hydracarina",0,0
"925","Niterói",2015-01-20,"Hydropsychidae",0.05,33.3333333333333
"926","Niterói",2015-01-20,"Hymenoptera",0,0
"927","Niterói",2015-01-20,"Insect Remains",0.5,23.5835944410115
"928","Niterói",2015-01-20,"Invertebrate eggs",0,0
"929","Niterói",2015-01-20,"Isoptera",0,0
"930","Niterói",2015-01-20,"Lampyridae",0,0
"931","Niterói",2015-01-20,"Leptoceridae",0,0
"932","Niterói",2015-01-20,"Leptohyphes",0,0
"933","Niterói",2015-01-20,"Leptophlebiidae",0.05,14.2857142857143
"934","Niterói",2015-01-20,"Libellulidae",0,0
"935","Niterói",2015-01-20,"Naucoridae",0,0
"936","Niterói",2015-01-20,"Noteridae",0.05,100
"937","Niterói",2015-01-20,"Odonata (N)",0,0
"938","Niterói",2015-01-20,"Organic matter",0.15,53.3954451345756
"939","Niterói",2015-01-20,"Orthoptera",0,0
"940","Niterói",2015-01-20,"Ostracoda",0,0
"941","Niterói",2015-01-20,"Philopotamidae",0,0
"942","Niterói",2015-01-20,"Plant Matter",0,0
"943","Niterói",2015-01-20,"Plecoptera",0,0
"944","Niterói",2015-01-20,"Pleidae",0,0
"945","Niterói",2015-01-20,"Pseudoscorpionida",0,0
"946","Niterói",2015-01-20,"Psocoptera",0,0
"947","Niterói",2015-01-20,"Psychodidae",0,0
"948","Niterói",2015-01-20,"Pyralidae",0.05,98.3606557377049
"949","Niterói",2015-01-20,"Scales",0,0
"950","Niterói",2015-01-20,"Sediments",0,0
"951","Niterói",2015-01-20,"Seeds and Fruits",0,0
"952","Niterói",2015-01-20,"Shrimp (L)",0,0
"953","Niterói",2015-01-20,"Simullidae",0,0
"954","Niterói",2015-01-20,"Staphynilidae",0,0
"955","Niterói",2015-01-20,"Thysanura",0,0
"956","Niterói",2015-01-20,"Tingidae",0,0
"957","Niterói",2015-01-20,"Trichoptera",0,0
"958","Niterói",2015-01-20,"Trichoptera (L)",0,0
"959","Niterói",2015-01-20,"Vellidae",0,0
"960","Niterói",2015-01-20,"Vespidae",0,0
"961","Niterói",2015-04-14,"Amphipoda",0,0
"962","Niterói",2015-04-14,"Aranae",0,0
"963","Niterói",2015-04-14,"Baetidae",0.05,100
"964","Niterói",2015-04-14,"Caenidae",0,0
"965","Niterói",2015-04-14,"Calamoceratidae...16",0.05,5
"966","Niterói",2015-04-14,"Calamoceratidae...26",0,0
"967","Niterói",2015-04-14,"Ceratopogonidae",0,0
"968","Niterói",2015-04-14,"Chaoboridae",0,0
"969","Niterói",2015-04-14,"Chironomidae (L)",0.35,29.3877551020408
"970","Niterói",2015-04-14,"Chironomidae(pupa)",0,0
"971","Niterói",2015-04-14,"Cladocera",0.1,4.82142857142857
"972","Niterói",2015-04-14,"Colembola",0,0
"973","Niterói",2015-04-14,"Coleoptera",0,0
"974","Niterói",2015-04-14,"Coleoptera (larva)",0,0
"975","Niterói",2015-04-14,"Copepoda",0,0
"976","Niterói",2015-04-14,"Corixidae",0,0
"977","Niterói",2015-04-14,"Diptera (adult)",0,0
"978","Niterói",2015-04-14,"Diptera (pupa)",0,0
"979","Niterói",2015-04-14,"Dytiscidae",0.05,100
"980","Niterói",2015-04-14,"Elmidae",0,0
"981","Niterói",2015-04-14,"Empididae",0,0
"982","Niterói",2015-04-14,"Ephemeroptera",0,0
"983","Niterói",2015-04-14,"Filamentous Algae",0.8,69.3675595238095
"984","Niterói",2015-04-14,"Formicidae",0.05,70
"985","Niterói",2015-04-14,"Gerrridae",0,0
"986","Niterói",2015-04-14,"Helicopsychidae",0,0
"987","Niterói",2015-04-14,"Hemiptera",0,0
"988","Niterói",2015-04-14,"Hydracarina",0,0
"989","Niterói",2015-04-14,"Hydropsychidae",0.05,10
"990","Niterói",2015-04-14,"Hymenoptera",0,0
"991","Niterói",2015-04-14,"Insect Remains",0.35,30.2380952380952
"992","Niterói",2015-04-14,"Invertebrate eggs",0,0
"993","Niterói",2015-04-14,"Isoptera",0,0
"994","Niterói",2015-04-14,"Lampyridae",0,0
"995","Niterói",2015-04-14,"Leptoceridae",0,0
"996","Niterói",2015-04-14,"Leptohyphes",0,0
"997","Niterói",2015-04-14,"Leptophlebiidae",0,0
"998","Niterói",2015-04-14,"Libellulidae",0,0
"999","Niterói",2015-04-14,"Naucoridae",0,0
"1000","Niterói",2015-04-14,"Noteridae",0.05,62.5
"1001","Niterói",2015-04-14,"Odonata (N)",0,0
"1002","Niterói",2015-04-14,"Organic matter",0,0
"1003","Niterói",2015-04-14,"Orthoptera",0,0
"1004","Niterói",2015-04-14,"Ostracoda",0.15,13.531746031746
"1005","Niterói",2015-04-14,"Philopotamidae",0,0
"1006","Niterói",2015-04-14,"Plant Matter",0,0
"1007","Niterói",2015-04-14,"Plecoptera",0,0
"1008","Niterói",2015-04-14,"Pleidae",0,0
"1009","Niterói",2015-04-14,"Pseudoscorpionida",0,0
"1010","Niterói",2015-04-14,"Psocoptera",0,0
"1011","Niterói",2015-04-14,"Psychodidae",0,0
"1012","Niterói",2015-04-14,"Pyralidae",0,0
"1013","Niterói",2015-04-14,"Scales",0,0
"1014","Niterói",2015-04-14,"Sediments",0,0
"1015","Niterói",2015-04-14,"Seeds and Fruits",0,0
"1016","Niterói",2015-04-14,"Shrimp (L)",0,0
"1017","Niterói",2015-04-14,"Simullidae",0,0
"1018","Niterói",2015-04-14,"Staphynilidae",0,0
"1019","Niterói",2015-04-14,"Thysanura",0,0
"1020","Niterói",2015-04-14,"Tingidae",0,0
"1021","Niterói",2015-04-14,"Trichoptera",0,0
"1022","Niterói",2015-04-14,"Trichoptera (L)",0,0
"1023","Niterói",2015-04-14,"Vellidae",0,0
"1024","Niterói",2015-04-14,"Vespidae",0.05,75
"1025","Niterói",2015-07-23,"Amphipoda",0,0
"1026","Niterói",2015-07-23,"Aranae",0,0
"1027","Niterói",2015-07-23,"Baetidae",0.05,71.4285714285714
"1028","Niterói",2015-07-23,"Caenidae",0,0
"1029","Niterói",2015-07-23,"Calamoceratidae...16",0,0
"1030","Niterói",2015-07-23,"Calamoceratidae...26",0.05,4.54545454545455
"1031","Niterói",2015-07-23,"Ceratopogonidae",0,0
"1032","Niterói",2015-07-23,"Chaoboridae",0,0
"1033","Niterói",2015-07-23,"Chironomidae (L)",0.35,31.5382395382395
"1034","Niterói",2015-07-23,"Chironomidae(pupa)",0,0
"1035","Niterói",2015-07-23,"Cladocera",0.4,19.8695356930651
"1036","Niterói",2015-07-23,"Colembola",0,0
"1037","Niterói",2015-07-23,"Coleoptera",0,0
"1038","Niterói",2015-07-23,"Coleoptera (larva)",0,0
"1039","Niterói",2015-07-23,"Copepoda",0.1,4.94117647058824
"1040","Niterói",2015-07-23,"Corixidae",0,0
"1041","Niterói",2015-07-23,"Diptera (adult)",0,0
"1042","Niterói",2015-07-23,"Diptera (pupa)",0,0
"1043","Niterói",2015-07-23,"Dytiscidae",0,0
"1044","Niterói",2015-07-23,"Elmidae",0.05,37.5
"1045","Niterói",2015-07-23,"Empididae",0,0
"1046","Niterói",2015-07-23,"Ephemeroptera",0.15,46.6666666666667
"1047","Niterói",2015-07-23,"Filamentous Algae",0.45,74.8484848484849
"1048","Niterói",2015-07-23,"Formicidae",0.05,100
"1049","Niterói",2015-07-23,"Gerrridae",0,0
"1050","Niterói",2015-07-23,"Helicopsychidae",0,0
"1051","Niterói",2015-07-23,"Hemiptera",0,0
"1052","Niterói",2015-07-23,"Hydracarina",0.1,8.49673202614379
"1053","Niterói",2015-07-23,"Hydropsychidae",0.05,12.5
"1054","Niterói",2015-07-23,"Hymenoptera",0,0
"1055","Niterói",2015-07-23,"Insect Remains",0.4,47.7446524064171
"1056","Niterói",2015-07-23,"Invertebrate eggs",0,0
"1057","Niterói",2015-07-23,"Isoptera",0,0
"1058","Niterói",2015-07-23,"Lampyridae",0,0
"1059","Niterói",2015-07-23,"Leptoceridae",0.05,20
"1060","Niterói",2015-07-23,"Leptohyphes",0,0
"1061","Niterói",2015-07-23,"Leptophlebiidae",0,0
"1062","Niterói",2015-07-23,"Libellulidae",0,0
"1063","Niterói",2015-07-23,"Naucoridae",0,0
"1064","Niterói",2015-07-23,"Noteridae",0,0
"1065","Niterói",2015-07-23,"Odonata (N)",0,0
"1066","Niterói",2015-07-23,"Organic matter",0.05,88.8888888888889
"1067","Niterói",2015-07-23,"Orthoptera",0,0
"1068","Niterói",2015-07-23,"Ostracoda",0.15,11.2842712842713
"1069","Niterói",2015-07-23,"Philopotamidae",0,0
"1070","Niterói",2015-07-23,"Plant Matter",0.05,9.09090909090909
"1071","Niterói",2015-07-23,"Plecoptera",0,0
"1072","Niterói",2015-07-23,"Pleidae",0,0
"1073","Niterói",2015-07-23,"Pseudoscorpionida",0,0
"1074","Niterói",2015-07-23,"Psocoptera",0,0
"1075","Niterói",2015-07-23,"Psychodidae",0,0
"1076","Niterói",2015-07-23,"Pyralidae",0,0
"1077","Niterói",2015-07-23,"Scales",0,0
"1078","Niterói",2015-07-23,"Sediments",0.05,20
"1079","Niterói",2015-07-23,"Seeds and Fruits",0,0
"1080","Niterói",2015-07-23,"Shrimp (L)",0,0
"1081","Niterói",2015-07-23,"Simullidae",0,0
"1082","Niterói",2015-07-23,"Staphynilidae",0,0
"1083","Niterói",2015-07-23,"Thysanura",0,0
"1084","Niterói",2015-07-23,"Tingidae",0,0
"1085","Niterói",2015-07-23,"Trichoptera",0,0
"1086","Niterói",2015-07-23,"Trichoptera (L)",0,0
"1087","Niterói",2015-07-23,"Vellidae",0,0
"1088","Niterói",2015-07-23,"Vespidae",0,0
"1089","Niterói",2015-10-20,"Amphipoda",0,0
"1090","Niterói",2015-10-20,"Aranae",0,0
"1091","Niterói",2015-10-20,"Baetidae",0.15,48.1283422459893
"1092","Niterói",2015-10-20,"Caenidae",0,0
"1093","Niterói",2015-10-20,"Calamoceratidae...16",0,0
"1094","Niterói",2015-10-20,"Calamoceratidae...26",0,0
"1095","Niterói",2015-10-20,"Ceratopogonidae",0.05,1.17647058823529
"1096","Niterói",2015-10-20,"Chaoboridae",0,0
"1097","Niterói",2015-10-20,"Chironomidae (L)",0.65,23.122808563985
"1098","Niterói",2015-10-20,"Chironomidae(pupa)",0,0
"1099","Niterói",2015-10-20,"Cladocera",0.35,8.89822595704949
"1100","Niterói",2015-10-20,"Colembola",0,0
"1101","Niterói",2015-10-20,"Coleoptera",0,0
"1102","Niterói",2015-10-20,"Coleoptera (larva)",0,0
"1103","Niterói",2015-10-20,"Copepoda",0,0
"1104","Niterói",2015-10-20,"Corixidae",0,0
"1105","Niterói",2015-10-20,"Diptera (adult)",0,0
"1106","Niterói",2015-10-20,"Diptera (pupa)",0.05,1.96078431372549
"1107","Niterói",2015-10-20,"Dytiscidae",0,0
"1108","Niterói",2015-10-20,"Elmidae",0,0
"1109","Niterói",2015-10-20,"Empididae",0,0
"1110","Niterói",2015-10-20,"Ephemeroptera",0.1,41.0294117647059
"1111","Niterói",2015-10-20,"Filamentous Algae",0.55,58.8656619672662
"1112","Niterói",2015-10-20,"Formicidae",0,0
"1113","Niterói",2015-10-20,"Gerrridae",0,0
"1114","Niterói",2015-10-20,"Helicopsychidae",0,0
"1115","Niterói",2015-10-20,"Hemiptera",0,0
"1116","Niterói",2015-10-20,"Hydracarina",0.05,1.17647058823529
"1117","Niterói",2015-10-20,"Hydropsychidae",0,0
"1118","Niterói",2015-10-20,"Hymenoptera",0.05,39.2156862745098
"1119","Niterói",2015-10-20,"Insect Remains",0.7,46.9264827142978
"1120","Niterói",2015-10-20,"Invertebrate eggs",0,0
"1121","Niterói",2015-10-20,"Isoptera",0,0
"1122","Niterói",2015-10-20,"Lampyridae",0,0
"1123","Niterói",2015-10-20,"Leptoceridae",0,0
"1124","Niterói",2015-10-20,"Leptohyphes",0,0
"1125","Niterói",2015-10-20,"Leptophlebiidae",0,0
"1126","Niterói",2015-10-20,"Libellulidae",0,0
"1127","Niterói",2015-10-20,"Naucoridae",0,0
"1128","Niterói",2015-10-20,"Noteridae",0,0
"1129","Niterói",2015-10-20,"Odonata (N)",0,0
"1130","Niterói",2015-10-20,"Organic matter",0.05,7.14285714285714
"1131","Niterói",2015-10-20,"Orthoptera",0,0
"1132","Niterói",2015-10-20,"Ostracoda",0.35,4.87631416202845
"1133","Niterói",2015-10-20,"Philopotamidae",0,0
"1134","Niterói",2015-10-20,"Plant Matter",0,0
"1135","Niterói",2015-10-20,"Plecoptera",0,0
"1136","Niterói",2015-10-20,"Pleidae",0,0
"1137","Niterói",2015-10-20,"Pseudoscorpionida",0,0
"1138","Niterói",2015-10-20,"Psocoptera",0,0
"1139","Niterói",2015-10-20,"Psychodidae",0,0
"1140","Niterói",2015-10-20,"Pyralidae",0,0
"1141","Niterói",2015-10-20,"Scales",0,0
"1142","Niterói",2015-10-20,"Sediments",0.1,10.6862745098039
"1143","Niterói",2015-10-20,"Seeds and Fruits",0,0
"1144","Niterói",2015-10-20,"Shrimp (L)",0,0
"1145","Niterói",2015-10-20,"Simullidae",0,0
"1146","Niterói",2015-10-20,"Staphynilidae",0,0
"1147","Niterói",2015-10-20,"Thysanura",0,0
"1148","Niterói",2015-10-20,"Tingidae",0,0
"1149","Niterói",2015-10-20,"Trichoptera",0,0
"1150","Niterói",2015-10-20,"Trichoptera (L)",0,0
"1151","Niterói",2015-10-20,"Vellidae",0,0
"1152","Niterói",2015-10-20,"Vespidae",0,0
"1153","Propriá",2015-01-21,"Amphipoda",0.05,25
"1154","Propriá",2015-01-21,"Aranae",0,0
"1155","Propriá",2015-01-21,"Baetidae",0,0
"1156","Propriá",2015-01-21,"Caenidae",0,0
"1157","Propriá",2015-01-21,"Calamoceratidae...16",0,0
"1158","Propriá",2015-01-21,"Calamoceratidae...26",0,0
"1159","Propriá",2015-01-21,"Ceratopogonidae",0,0
"1160","Propriá",2015-01-21,"Chaoboridae",0,0
"1161","Propriá",2015-01-21,"Chironomidae (L)",0,0
"1162","Propriá",2015-01-21,"Chironomidae(pupa)",0,0
"1163","Propriá",2015-01-21,"Cladocera",0.1,17.5
"1164","Propriá",2015-01-21,"Colembola",0,0
"1165","Propriá",2015-01-21,"Coleoptera",0.05,33.3333333333333
"1166","Propriá",2015-01-21,"Coleoptera (larva)",0,0
"1167","Propriá",2015-01-21,"Copepoda",0,0
"1168","Propriá",2015-01-21,"Corixidae",0,0
"1169","Propriá",2015-01-21,"Diptera (adult)",0,0
"1170","Propriá",2015-01-21,"Diptera (pupa)",0,0
"1171","Propriá",2015-01-21,"Dytiscidae",0.05,60
"1172","Propriá",2015-01-21,"Elmidae",0,0
"1173","Propriá",2015-01-21,"Empididae",0,0
"1174","Propriá",2015-01-21,"Ephemeroptera",0,0
"1175","Propriá",2015-01-21,"Filamentous Algae",0.4,38.6625874125874
"1176","Propriá",2015-01-21,"Formicidae",0.1,22.6190476190476
"1177","Propriá",2015-01-21,"Gerrridae",0,0
"1178","Propriá",2015-01-21,"Helicopsychidae",0,0
"1179","Propriá",2015-01-21,"Hemiptera",0,0
"1180","Propriá",2015-01-21,"Hydracarina",0,0
"1181","Propriá",2015-01-21,"Hydropsychidae",0,0
"1182","Propriá",2015-01-21,"Hymenoptera",0,0
"1183","Propriá",2015-01-21,"Insect Remains",0.45,52.5200725200725
"1184","Propriá",2015-01-21,"Invertebrate eggs",0.05,25
"1185","Propriá",2015-01-21,"Isoptera",0,0
"1186","Propriá",2015-01-21,"Lampyridae",0,0
"1187","Propriá",2015-01-21,"Leptoceridae",0,0
"1188","Propriá",2015-01-21,"Leptohyphes",0,0
"1189","Propriá",2015-01-21,"Leptophlebiidae",0,0
"1190","Propriá",2015-01-21,"Libellulidae",0,0
"1191","Propriá",2015-01-21,"Naucoridae",0,0
"1192","Propriá",2015-01-21,"Noteridae",0,0
"1193","Propriá",2015-01-21,"Odonata (N)",0,0
"1194","Propriá",2015-01-21,"Organic matter",0.5,74.8047138047138
"1195","Propriá",2015-01-21,"Orthoptera",0,0
"1196","Propriá",2015-01-21,"Ostracoda",0.05,1.85185185185185
"1197","Propriá",2015-01-21,"Philopotamidae",0,0
"1198","Propriá",2015-01-21,"Plant Matter",0.25,20.3382173382173
"1199","Propriá",2015-01-21,"Plecoptera",0,0
"1200","Propriá",2015-01-21,"Pleidae",0,0
"1201","Propriá",2015-01-21,"Pseudoscorpionida",0,0
"1202","Propriá",2015-01-21,"Psocoptera",0,0
"1203","Propriá",2015-01-21,"Psychodidae",0,0
"1204","Propriá",2015-01-21,"Pyralidae",0,0
"1205","Propriá",2015-01-21,"Scales",0.05,42.8571428571429
"1206","Propriá",2015-01-21,"Sediments",0.2,25
"1207","Propriá",2015-01-21,"Seeds and Fruits",0,0
"1208","Propriá",2015-01-21,"Shrimp (L)",0,0
"1209","Propriá",2015-01-21,"Simullidae",0,0
"1210","Propriá",2015-01-21,"Staphynilidae",0,0
"1211","Propriá",2015-01-21,"Thysanura",0,0
"1212","Propriá",2015-01-21,"Tingidae",0,0
"1213","Propriá",2015-01-21,"Trichoptera",0,0
"1214","Propriá",2015-01-21,"Trichoptera (L)",0,0
"1215","Propriá",2015-01-21,"Vellidae",0,0
"1216","Propriá",2015-01-21,"Vespidae",0,0
"1217","Propriá",2015-04-15,"Amphipoda",0,0
"1218","Propriá",2015-04-15,"Aranae",0.0625,1.21951219512195
"1219","Propriá",2015-04-15,"Baetidae",0.125,31.0975609756098
"1220","Propriá",2015-04-15,"Caenidae",0,0
"1221","Propriá",2015-04-15,"Calamoceratidae...16",0,0
"1222","Propriá",2015-04-15,"Calamoceratidae...26",0,0
"1223","Propriá",2015-04-15,"Ceratopogonidae",0,0
"1224","Propriá",2015-04-15,"Chaoboridae",0.0625,31.25
"1225","Propriá",2015-04-15,"Chironomidae (L)",0.6875,18.6488797602988
"1226","Propriá",2015-04-15,"Chironomidae(pupa)",0,0
"1227","Propriá",2015-04-15,"Cladocera",0.375,4.05743802181
"1228","Propriá",2015-04-15,"Colembola",0,0
"1229","Propriá",2015-04-15,"Coleoptera",0.0625,15
"1230","Propriá",2015-04-15,"Coleoptera (larva)",0,0
"1231","Propriá",2015-04-15,"Copepoda",0,0
"1232","Propriá",2015-04-15,"Corixidae",0,0
"1233","Propriá",2015-04-15,"Diptera (adult)",0,0
"1234","Propriá",2015-04-15,"Diptera (pupa)",0,0
"1235","Propriá",2015-04-15,"Dytiscidae",0,0
"1236","Propriá",2015-04-15,"Elmidae",0,0
"1237","Propriá",2015-04-15,"Empididae",0,0
"1238","Propriá",2015-04-15,"Ephemeroptera",0.25,60.242673992674
"1239","Propriá",2015-04-15,"Filamentous Algae",0.125,19.5970695970696
"1240","Propriá",2015-04-15,"Formicidae",0.0625,61.7283950617284
"1241","Propriá",2015-04-15,"Gerrridae",0,0
"1242","Propriá",2015-04-15,"Helicopsychidae",0,0
"1243","Propriá",2015-04-15,"Hemiptera",0,0
"1244","Propriá",2015-04-15,"Hydracarina",0,0
"1245","Propriá",2015-04-15,"Hydropsychidae",0,0
"1246","Propriá",2015-04-15,"Hymenoptera",0,0
"1247","Propriá",2015-04-15,"Insect Remains",0.875,43.4118075230217
"1248","Propriá",2015-04-15,"Invertebrate eggs",0.0625,10
"1249","Propriá",2015-04-15,"Isoptera",0,0
"1250","Propriá",2015-04-15,"Lampyridae",0,0
"1251","Propriá",2015-04-15,"Leptoceridae",0.0625,2.85714285714286
"1252","Propriá",2015-04-15,"Leptohyphes",0,0
"1253","Propriá",2015-04-15,"Leptophlebiidae",0,0
"1254","Propriá",2015-04-15,"Libellulidae",0,0
"1255","Propriá",2015-04-15,"Naucoridae",0.0625,7.69230769230769
"1256","Propriá",2015-04-15,"Noteridae",0,0
"1257","Propriá",2015-04-15,"Odonata (N)",0,0
"1258","Propriá",2015-04-15,"Organic matter",0.25,35.5095990965556
"1259","Propriá",2015-04-15,"Orthoptera",0,0
"1260","Propriá",2015-04-15,"Ostracoda",0.1875,3.18181818181818
"1261","Propriá",2015-04-15,"Philopotamidae",0,0
"1262","Propriá",2015-04-15,"Plant Matter",0.375,22.5816324596812
"1263","Propriá",2015-04-15,"Plecoptera",0,0
"1264","Propriá",2015-04-15,"Pleidae",0,0
"1265","Propriá",2015-04-15,"Pseudoscorpionida",0,0
"1266","Propriá",2015-04-15,"Psocoptera",0,0
"1267","Propriá",2015-04-15,"Psychodidae",0,0
"1268","Propriá",2015-04-15,"Pyralidae",0,0
"1269","Propriá",2015-04-15,"Scales",0.0625,3.57142857142857
"1270","Propriá",2015-04-15,"Sediments",0,0
"1271","Propriá",2015-04-15,"Seeds and Fruits",0,0
"1272","Propriá",2015-04-15,"Shrimp (L)",0,0
"1273","Propriá",2015-04-15,"Simullidae",0,0
"1274","Propriá",2015-04-15,"Staphynilidae",0,0
"1275","Propriá",2015-04-15,"Thysanura",0,0
"1276","Propriá",2015-04-15,"Tingidae",0,0
"1277","Propriá",2015-04-15,"Trichoptera",0,0
"1278","Propriá",2015-04-15,"Trichoptera (L)",0,0
"1279","Propriá",2015-04-15,"Vellidae",0,0
"1280","Propriá",2015-04-15,"Vespidae",0,0
"1281","Propriá",2015-07-24,"Amphipoda",0,0
"1282","Propriá",2015-07-24,"Aranae",0.111111111111111,0.598802395209581
"1283","Propriá",2015-07-24,"Baetidae",0,0
"1284","Propriá",2015-07-24,"Caenidae",0,0
"1285","Propriá",2015-07-24,"Calamoceratidae...16",0,0
"1286","Propriá",2015-07-24,"Calamoceratidae...26",0,0
"1287","Propriá",2015-07-24,"Ceratopogonidae",0,0
"1288","Propriá",2015-07-24,"Chaoboridae",0.111111111111111,0.662251655629139
"1289","Propriá",2015-07-24,"Chironomidae (L)",0.111111111111111,10
"1290","Propriá",2015-07-24,"Chironomidae(pupa)",0,0
"1291","Propriá",2015-07-24,"Cladocera",0,0
"1292","Propriá",2015-07-24,"Colembola",0,0
"1293","Propriá",2015-07-24,"Coleoptera",0,0
"1294","Propriá",2015-07-24,"Coleoptera (larva)",0,0
"1295","Propriá",2015-07-24,"Copepoda",0,0
"1296","Propriá",2015-07-24,"Corixidae",0,0
"1297","Propriá",2015-07-24,"Diptera (adult)",0,0
"1298","Propriá",2015-07-24,"Diptera (pupa)",0,0
"1299","Propriá",2015-07-24,"Dytiscidae",0,0
"1300","Propriá",2015-07-24,"Elmidae",0,0
"1301","Propriá",2015-07-24,"Empididae",0,0
"1302","Propriá",2015-07-24,"Ephemeroptera",0,0
"1303","Propriá",2015-07-24,"Filamentous Algae",0.111111111111111,0.598802395209581
"1304","Propriá",2015-07-24,"Formicidae",1,96.6048624065185
"1305","Propriá",2015-07-24,"Gerrridae",0,0
"1306","Propriá",2015-07-24,"Helicopsychidae",0,0
"1307","Propriá",2015-07-24,"Hemiptera",0,0
"1308","Propriá",2015-07-24,"Hydracarina",0,0
"1309","Propriá",2015-07-24,"Hydropsychidae",0.111111111111111,1.0989010989011
"1310","Propriá",2015-07-24,"Hymenoptera",0,0
"1311","Propriá",2015-07-24,"Insect Remains",0.111111111111111,2.9940119760479
"1312","Propriá",2015-07-24,"Invertebrate eggs",0,0
"1313","Propriá",2015-07-24,"Isoptera",0,0
"1314","Propriá",2015-07-24,"Lampyridae",0,0
"1315","Propriá",2015-07-24,"Leptoceridae",0,0
"1316","Propriá",2015-07-24,"Leptohyphes",0.111111111111111,3.6144578313253
"1317","Propriá",2015-07-24,"Leptophlebiidae",0,0
"1318","Propriá",2015-07-24,"Libellulidae",0,0
"1319","Propriá",2015-07-24,"Naucoridae",0,0
"1320","Propriá",2015-07-24,"Noteridae",0,0
"1321","Propriá",2015-07-24,"Odonata (N)",0,0
"1322","Propriá",2015-07-24,"Organic matter",0,0
"1323","Propriá",2015-07-24,"Orthoptera",0,0
"1324","Propriá",2015-07-24,"Ostracoda",0,0
"1325","Propriá",2015-07-24,"Philopotamidae",0,0
"1326","Propriá",2015-07-24,"Plant Matter",0,0
"1327","Propriá",2015-07-24,"Plecoptera",0,0
"1328","Propriá",2015-07-24,"Pleidae",0,0
"1329","Propriá",2015-07-24,"Pseudoscorpionida",0,0
"1330","Propriá",2015-07-24,"Psocoptera",0,0
"1331","Propriá",2015-07-24,"Psychodidae",0,0
"1332","Propriá",2015-07-24,"Pyralidae",0,0
"1333","Propriá",2015-07-24,"Scales",0,0
"1334","Propriá",2015-07-24,"Sediments",0,0
"1335","Propriá",2015-07-24,"Seeds and Fruits",0,0
"1336","Propriá",2015-07-24,"Shrimp (L)",0,0
"1337","Propriá",2015-07-24,"Simullidae",0,0
"1338","Propriá",2015-07-24,"Staphynilidae",0.111111111111111,10.989010989011
"1339","Propriá",2015-07-24,"Thysanura",0,0
"1340","Propriá",2015-07-24,"Tingidae",0,0
"1341","Propriá",2015-07-24,"Trichoptera",0,0
"1342","Propriá",2015-07-24,"Trichoptera (L)",0,0
"1343","Propriá",2015-07-24,"Vellidae",0,0
"1344","Propriá",2015-07-24,"Vespidae",0,0
"1345","UHE Xingó",2015-01-19,"Amphipoda",0,0
"1346","UHE Xingó",2015-01-19,"Aranae",0.15,5.46978557504873
"1347","UHE Xingó",2015-01-19,"Baetidae",0,0
"1348","UHE Xingó",2015-01-19,"Caenidae",0,0
"1349","UHE Xingó",2015-01-19,"Calamoceratidae...16",0,0
"1350","UHE Xingó",2015-01-19,"Calamoceratidae...26",0,0
"1351","UHE Xingó",2015-01-19,"Ceratopogonidae",0,0
"1352","UHE Xingó",2015-01-19,"Chaoboridae",0.2,17.5276916330914
"1353","UHE Xingó",2015-01-19,"Chironomidae (L)",0.3,9.38125405591301
"1354","UHE Xingó",2015-01-19,"Chironomidae(pupa)",0.1,33.2753623188406
"1355","UHE Xingó",2015-01-19,"Cladocera",0.15,21.1950817213975
"1356","UHE Xingó",2015-01-19,"Colembola",0,0
"1357","UHE Xingó",2015-01-19,"Coleoptera",0.15,12.7588521564021
"1358","UHE Xingó",2015-01-19,"Coleoptera (larva)",0.05,7.14285714285714
"1359","UHE Xingó",2015-01-19,"Copepoda",0,0
"1360","UHE Xingó",2015-01-19,"Corixidae",0,0
"1361","UHE Xingó",2015-01-19,"Diptera (adult)",0,0
"1362","UHE Xingó",2015-01-19,"Diptera (pupa)",0.1,14.3790849673203
"1363","UHE Xingó",2015-01-19,"Dytiscidae",0,0
"1364","UHE Xingó",2015-01-19,"Elmidae",0.15,26.8496504787631
"1365","UHE Xingó",2015-01-19,"Empididae",0,0
"1366","UHE Xingó",2015-01-19,"Ephemeroptera",0.1,25.4237288135593
"1367","UHE Xingó",2015-01-19,"Filamentous Algae",0.05,33.3333333333333
"1368","UHE Xingó",2015-01-19,"Formicidae",0.5,59.4546243960112
"1369","UHE Xingó",2015-01-19,"Gerrridae",0,0
"1370","UHE Xingó",2015-01-19,"Helicopsychidae",0,0
"1371","UHE Xingó",2015-01-19,"Hemiptera",0.1,11.9854721549637
"1372","UHE Xingó",2015-01-19,"Hydracarina",0.15,3.42621259029928
"1373","UHE Xingó",2015-01-19,"Hydropsychidae",0,0
"1374","UHE Xingó",2015-01-19,"Hymenoptera",0.15,45.8985220104302
"1375","UHE Xingó",2015-01-19,"Insect Remains",0.3,52.9814814814815
"1376","UHE Xingó",2015-01-19,"Invertebrate eggs",0.05,1.21951219512195
"1377","UHE Xingó",2015-01-19,"Isoptera",0,0
"1378","UHE Xingó",2015-01-19,"Lampyridae",0.05,1.33333333333333
"1379","UHE Xingó",2015-01-19,"Leptoceridae",0,0
"1380","UHE Xingó",2015-01-19,"Leptohyphes",0,0
"1381","UHE Xingó",2015-01-19,"Leptophlebiidae",0,0
"1382","UHE Xingó",2015-01-19,"Libellulidae",0,0
"1383","UHE Xingó",2015-01-19,"Naucoridae",0,0
"1384","UHE Xingó",2015-01-19,"Noteridae",0,0
"1385","UHE Xingó",2015-01-19,"Odonata (N)",0,0
"1386","UHE Xingó",2015-01-19,"Organic matter",0.2,55.9803921568627
"1387","UHE Xingó",2015-01-19,"Orthoptera",0,0
"1388","UHE Xingó",2015-01-19,"Ostracoda",0.45,12.4451978067779
"1389","UHE Xingó",2015-01-19,"Philopotamidae",0,0
"1390","UHE Xingó",2015-01-19,"Plant Matter",0.05,16.6666666666667
"1391","UHE Xingó",2015-01-19,"Plecoptera",0,0
"1392","UHE Xingó",2015-01-19,"Pleidae",0,0
"1393","UHE Xingó",2015-01-19,"Pseudoscorpionida",0.1,11.0751080093054
"1394","UHE Xingó",2015-01-19,"Psocoptera",0.05,4.27350427350427
"1395","UHE Xingó",2015-01-19,"Psychodidae",0,0
"1396","UHE Xingó",2015-01-19,"Pyralidae",0.1,6.22222222222222
"1397","UHE Xingó",2015-01-19,"Scales",0,0
"1398","UHE Xingó",2015-01-19,"Sediments",0.05,5
"1399","UHE Xingó",2015-01-19,"Seeds and Fruits",0,0
"1400","UHE Xingó",2015-01-19,"Shrimp (L)",0,0
"1401","UHE Xingó",2015-01-19,"Simullidae",0,0
"1402","UHE Xingó",2015-01-19,"Staphynilidae",0,0
"1403","UHE Xingó",2015-01-19,"Thysanura",0.05,0.980392156862745
"1404","UHE Xingó",2015-01-19,"Tingidae",0,0
"1405","UHE Xingó",2015-01-19,"Trichoptera",0.05,2.4390243902439
"1406","UHE Xingó",2015-01-19,"Trichoptera (L)",0.05,1.33333333333333
"1407","UHE Xingó",2015-01-19,"Vellidae",0,0
"1408","UHE Xingó",2015-01-19,"Vespidae",0,0
"1409","UHE Xingó",2015-07-22,"Amphipoda",0,0
"1410","UHE Xingó",2015-07-22,"Aranae",0,0
"1411","UHE Xingó",2015-07-22,"Baetidae",0,0
"1412","UHE Xingó",2015-07-22,"Caenidae",0,0
"1413","UHE Xingó",2015-07-22,"Calamoceratidae...16",0,0
"1414","UHE Xingó",2015-07-22,"Calamoceratidae...26",0,0
"1415","UHE Xingó",2015-07-22,"Ceratopogonidae",0,0
"1416","UHE Xingó",2015-07-22,"Chaoboridae",0.105263157894737,14.2857142857143
"1417","UHE Xingó",2015-07-22,"Chironomidae (L)",0.210526315789474,17.1130952380952
"1418","UHE Xingó",2015-07-22,"Chironomidae(pupa)",0,0
"1419","UHE Xingó",2015-07-22,"Cladocera",0.0526315789473684,12.5
"1420","UHE Xingó",2015-07-22,"Colembola",0.0526315789473684,20
"1421","UHE Xingó",2015-07-22,"Coleoptera",0,0
"1422","UHE Xingó",2015-07-22,"Coleoptera (larva)",0,0
"1423","UHE Xingó",2015-07-22,"Copepoda",0,0
"1424","UHE Xingó",2015-07-22,"Corixidae",0,0
"1425","UHE Xingó",2015-07-22,"Diptera (adult)",0.0526315789473684,25
"1426","UHE Xingó",2015-07-22,"Diptera (pupa)",0,0
"1427","UHE Xingó",2015-07-22,"Dytiscidae",0,0
"1428","UHE Xingó",2015-07-22,"Elmidae",0,0
"1429","UHE Xingó",2015-07-22,"Empididae",0,0
"1430","UHE Xingó",2015-07-22,"Ephemeroptera",0,0
"1431","UHE Xingó",2015-07-22,"Filamentous Algae",0.105263157894737,30.4761904761905
"1432","UHE Xingó",2015-07-22,"Formicidae",0,0
"1433","UHE Xingó",2015-07-22,"Gerrridae",0,0
"1434","UHE Xingó",2015-07-22,"Helicopsychidae",0,0
"1435","UHE Xingó",2015-07-22,"Hemiptera",0,0
"1436","UHE Xingó",2015-07-22,"Hydracarina",0.315789473684211,22.7651515151515
"1437","UHE Xingó",2015-07-22,"Hydropsychidae",0,0
"1438","UHE Xingó",2015-07-22,"Hymenoptera",0,0
"1439","UHE Xingó",2015-07-22,"Insect Remains",0.631578947368421,58.786075036075
"1440","UHE Xingó",2015-07-22,"Invertebrate eggs",0,0
"1441","UHE Xingó",2015-07-22,"Isoptera",0,0
"1442","UHE Xingó",2015-07-22,"Lampyridae",0,0
"1443","UHE Xingó",2015-07-22,"Leptoceridae",0.0526315789473684,100
"1444","UHE Xingó",2015-07-22,"Leptohyphes",0,0
"1445","UHE Xingó",2015-07-22,"Leptophlebiidae",0,0
"1446","UHE Xingó",2015-07-22,"Libellulidae",0,0
"1447","UHE Xingó",2015-07-22,"Naucoridae",0,0
"1448","UHE Xingó",2015-07-22,"Noteridae",0,0
"1449","UHE Xingó",2015-07-22,"Odonata (N)",0,0
"1450","UHE Xingó",2015-07-22,"Organic matter",0.315789473684211,80.8658008658009
"1451","UHE Xingó",2015-07-22,"Orthoptera",0,0
"1452","UHE Xingó",2015-07-22,"Ostracoda",0.157894736842105,11.3095238095238
"1453","UHE Xingó",2015-07-22,"Philopotamidae",0,0
"1454","UHE Xingó",2015-07-22,"Plant Matter",0.157894736842105,71.4285714285714
"1455","UHE Xingó",2015-07-22,"Plecoptera",0,0
"1456","UHE Xingó",2015-07-22,"Pleidae",0,0
"1457","UHE Xingó",2015-07-22,"Pseudoscorpionida",0,0
"1458","UHE Xingó",2015-07-22,"Psocoptera",0,0
"1459","UHE Xingó",2015-07-22,"Psychodidae",0,0
"1460","UHE Xingó",2015-07-22,"Pyralidae",0,0
"1461","UHE Xingó",2015-07-22,"Scales",0,0
"1462","UHE Xingó",2015-07-22,"Sediments",0.0526315789473684,9.09090909090909
"1463","UHE Xingó",2015-07-22,"Seeds and Fruits",0,0
"1464","UHE Xingó",2015-07-22,"Shrimp (L)",0,0
"1465","UHE Xingó",2015-07-22,"Simullidae",0,0
"1466","UHE Xingó",2015-07-22,"Staphynilidae",0,0
"1467","UHE Xingó",2015-07-22,"Thysanura",0,0
"1468","UHE Xingó",2015-07-22,"Tingidae",0,0
"1469","UHE Xingó",2015-07-22,"Trichoptera",0,0
"1470","UHE Xingó",2015-07-22,"Trichoptera (L)",0,0
"1471","UHE Xingó",2015-07-22,"Vellidae",0,0
"1472","UHE Xingó",2015-07-22,"Vespidae",0,0
"1473","UHE Xingó",2015-10-19,"Amphipoda",0,0
"1474","UHE Xingó",2015-10-19,"Aranae",0,0
"1475","UHE Xingó",2015-10-19,"Baetidae",0.166666666666667,100
"1476","UHE Xingó",2015-10-19,"Caenidae",0,0
"1477","UHE Xingó",2015-10-19,"Calamoceratidae...16",0,0
"1478","UHE Xingó",2015-10-19,"Calamoceratidae...26",0,0
"1479","UHE Xingó",2015-10-19,"Ceratopogonidae",0,0
"1480","UHE Xingó",2015-10-19,"Chaoboridae",0,0
"1481","UHE Xingó",2015-10-19,"Chironomidae (L)",0.0833333333333333,20
"1482","UHE Xingó",2015-10-19,"Chironomidae(pupa)",0.0833333333333333,40
"1483","UHE Xingó",2015-10-19,"Cladocera",0.166666666666667,28.3333333333333
"1484","UHE Xingó",2015-10-19,"Colembola",0,0
"1485","UHE Xingó",2015-10-19,"Coleoptera",0,0
"1486","UHE Xingó",2015-10-19,"Coleoptera (larva)",0,0
"1487","UHE Xingó",2015-10-19,"Copepoda",0,0
"1488","UHE Xingó",2015-10-19,"Corixidae",0,0
"1489","UHE Xingó",2015-10-19,"Diptera (adult)",0,0
"1490","UHE Xingó",2015-10-19,"Diptera (pupa)",0,0
"1491","UHE Xingó",2015-10-19,"Dytiscidae",0,0
"1492","UHE Xingó",2015-10-19,"Elmidae",0.0833333333333333,100
"1493","UHE Xingó",2015-10-19,"Empididae",0,0
"1494","UHE Xingó",2015-10-19,"Ephemeroptera",0,0
"1495","UHE Xingó",2015-10-19,"Filamentous Algae",0.0833333333333333,20
"1496","UHE Xingó",2015-10-19,"Formicidae",0.0833333333333333,33.3333333333333
"1497","UHE Xingó",2015-10-19,"Gerrridae",0,0
"1498","UHE Xingó",2015-10-19,"Helicopsychidae",0,0
"1499","UHE Xingó",2015-10-19,"Hemiptera",0.0833333333333333,50
"1500","UHE Xingó",2015-10-19,"Hydracarina",0.0833333333333333,16.6666666666667
"1501","UHE Xingó",2015-10-19,"Hydropsychidae",0,0
"1502","UHE Xingó",2015-10-19,"Hymenoptera",0,0
"1503","UHE Xingó",2015-10-19,"Insect Remains",0.75,70
"1504","UHE Xingó",2015-10-19,"Invertebrate eggs",0,0
"1505","UHE Xingó",2015-10-19,"Isoptera",0,0
"1506","UHE Xingó",2015-10-19,"Lampyridae",0,0
"1507","UHE Xingó",2015-10-19,"Leptoceridae",0,0
"1508","UHE Xingó",2015-10-19,"Leptohyphes",0,0
"1509","UHE Xingó",2015-10-19,"Leptophlebiidae",0,0
"1510","UHE Xingó",2015-10-19,"Libellulidae",0,0
"1511","UHE Xingó",2015-10-19,"Naucoridae",0,0
"1512","UHE Xingó",2015-10-19,"Noteridae",0,0
"1513","UHE Xingó",2015-10-19,"Odonata (N)",0,0
"1514","UHE Xingó",2015-10-19,"Organic matter",0,0
"1515","UHE Xingó",2015-10-19,"Orthoptera",0,0
"1516","UHE Xingó",2015-10-19,"Ostracoda",0.0833333333333333,33.3333333333333
"1517","UHE Xingó",2015-10-19,"Philopotamidae",0,0
"1518","UHE Xingó",2015-10-19,"Plant Matter",0,0
"1519","UHE Xingó",2015-10-19,"Plecoptera",0,0
"1520","UHE Xingó",2015-10-19,"Pleidae",0,0
"1521","UHE Xingó",2015-10-19,"Pseudoscorpionida",0,0
"1522","UHE Xingó",2015-10-19,"Psocoptera",0,0
"1523","UHE Xingó",2015-10-19,"Psychodidae",0,0
"1524","UHE Xingó",2015-10-19,"Pyralidae",0,0
"1525","UHE Xingó",2015-10-19,"Scales",0,0
"1526","UHE Xingó",2015-10-19,"Sediments",0,0
"1527","UHE Xingó",2015-10-19,"Seeds and Fruits",0,0
"1528","UHE Xingó",2015-10-19,"Shrimp (L)",0,0
"1529","UHE Xingó",2015-10-19,"Simullidae",0,0
"1530","UHE Xingó",2015-10-19,"Staphynilidae",0,0
"1531","UHE Xingó",2015-10-19,"Thysanura",0,0
"1532","UHE Xingó",2015-10-19,"Tingidae",0,0
"1533","UHE Xingó",2015-10-19,"Trichoptera",0,0
"1534","UHE Xingó",2015-10-19,"Trichoptera (L)",0,0
"1535","UHE Xingó",2015-10-19,"Vellidae",0,0
"1536","UHE Xingó",2015-10-19,"Vespidae",0,0
"1537",NA,NA,"Amphipoda",NA,0
"1538",NA,NA,"Aranae",NA,0
"1539",NA,NA,"Baetidae",NA,0
"1540",NA,NA,"Caenidae",NA,0
"1541",NA,NA,"Calamoceratidae...16",NA,0
"1542",NA,NA,"Calamoceratidae...26",NA,0
"1543",NA,NA,"Ceratopogonidae",NA,0
"1544",NA,NA,"Chaoboridae",NA,0
"1545",NA,NA,"Chironomidae (L)",NA,0
"1546",NA,NA,"Chironomidae(pupa)",NA,0
"1547",NA,NA,"Cladocera",NA,0
"1548",NA,NA,"Colembola",NA,0
"1549",NA,NA,"Coleoptera",NA,0
"1550",NA,NA,"Coleoptera (larva)",NA,0
"1551",NA,NA,"Copepoda",NA,0
"1552",NA,NA,"Corixidae",NA,0
"1553",NA,NA,"Diptera (adult)",NA,0
"1554",NA,NA,"Diptera (pupa)",NA,0
"1555",NA,NA,"Dytiscidae",NA,0
"1556",NA,NA,"Elmidae",NA,0
"1557",NA,NA,"Empididae",NA,0
"1558",NA,NA,"Ephemeroptera",NA,0
"1559",NA,NA,"Filamentous Algae",NA,0
"1560",NA,NA,"Formicidae",NA,0
"1561",NA,NA,"Gerrridae",NA,0
"1562",NA,NA,"Helicopsychidae",NA,0
"1563",NA,NA,"Hemiptera",NA,0
"1564",NA,NA,"Hydracarina",NA,0
"1565",NA,NA,"Hydropsychidae",NA,0
"1566",NA,NA,"Hymenoptera",NA,0
"1567",NA,NA,"Insect Remains",NA,0
"1568",NA,NA,"Invertebrate eggs",NA,0
"1569",NA,NA,"Isoptera",NA,0
"1570",NA,NA,"Lampyridae",NA,0
"1571",NA,NA,"Leptoceridae",NA,0
"1572",NA,NA,"Leptohyphes",NA,0
"1573",NA,NA,"Leptophlebiidae",NA,0
"1574",NA,NA,"Libellulidae",NA,0
"1575",NA,NA,"Naucoridae",NA,0
"1576",NA,NA,"Noteridae",NA,0
"1577",NA,NA,"Odonata (N)",NA,0
"1578",NA,NA,"Organic matter",NA,0
"1579",NA,NA,"Orthoptera",NA,0
"1580",NA,NA,"Ostracoda",NA,0
"1581",NA,NA,"Philopotamidae",NA,0
"1582",NA,NA,"Plant Matter",NA,0
"1583",NA,NA,"Plecoptera",NA,0
"1584",NA,NA,"Pleidae",NA,0
"1585",NA,NA,"Pseudoscorpionida",NA,0
"1586",NA,NA,"Psocoptera",NA,0
"1587",NA,NA,"Psychodidae",NA,0
"1588",NA,NA,"Pyralidae",NA,0
"1589",NA,NA,"Scales",NA,0
"1590",NA,NA,"Sediments",NA,0
"1591",NA,NA,"Seeds and Fruits",NA,0
"1592",NA,NA,"Shrimp (L)",NA,0
"1593",NA,NA,"Simullidae",NA,0
"1594",NA,NA,"Staphynilidae",NA,0
"1595",NA,NA,"Thysanura",NA,0
"1596",NA,NA,"Tingidae",NA,0
"1597",NA,NA,"Trichoptera",NA,0
"1598",NA,NA,"Trichoptera (L)",NA,0
"1599",NA,NA,"Vellidae",NA,0
"1600",NA,NA,"Vespidae",NA,0
